,q1signal,q1signalRolling,lastsignal,position,adjClose,rtnSPY,cRtn-SPY,rtnPort,cRtn-Port
2017-12-11,-0.00020207842625587227,9999.0,-1.3480517280075219e-05,0,251.47310221689997,0.0017648605007354323,0.0017648605007354323,0.0,0.0
2017-12-12,-0.0002730820888292729,9999.0,-0.0007710975405900966,0,251.916917162,-0.00011245220773237197,0.001652209830543372,-0.0,0.0
2017-12-13,-0.00023594032448100282,9999.0,-8.417077963687478e-05,0,251.8885885485,-0.004086223055324356,-0.0024407645226828256,-0.0,0.0
2017-12-14,-0.00019748905442058235,9999.0,0.0012679795515655172,0,250.8593155906,0.008286279455104628,0.005825290075502698,0.0,0.0
2017-12-15,-0.0002735474564746462,9999.0,-0.000151487657901499,0,252.93800598349998,0.006341225469709055,0.012203455023007015,0.0,0.0
2017-12-18,-0.0002992482094655426,9999.0,-0.0003495627649644785,0,254.5419429093,-0.0038404175984793065,0.008316171061095057,-0.0,0.0
2017-12-19,-0.000268828446026709,-0.0004420984408443101,-0.0005326341167241416,1,253.5643955522,-0.0005240109294945006,0.0077878023670729934,-0.0005240109294945006,-0.0005240109294945006
2017-12-20,-0.00019343684356729147,-0.0004420984408443101,0.0014002063189280255,1,253.43152503759998,0.0020596936672443444,0.009863536521534488,0.0020596936672443444,0.0015346034357568428
2017-12-21,-0.0002915621290331016,-0.0004420984408443101,-0.0006116758014759906,1,253.9535163448,-0.0002616040063402325,0.009599352174523457,-0.0002616040063402325,0.001272597971009759
2017-12-22,-0.0003762673142477794,-0.0004420984408443101,0.0002303864751114434,1.0,253.8870810875,-0.0011962169638530806,0.00839165230275718,-0.0011962169638530806,7.485870387569094e-05
2017-12-26,-0.0002965062481127266,-0.0004420984408443101,9.709353926271525e-05,1,253.58337705419999,0.0004865451554170175,0.00888228037594807,0.0004865451554170175,0.0005614402814324571
2017-12-27,-0.00034280356375301566,-0.0004420984408443101,0.0015425253554083571,1,253.7067568178,0.002057459224765079,0.010958014530409566,0.002057459224765079,0.0026200546466836894
2017-12-28,-0.0003020471186199498,-0.00034463784534028455,-0.0001546415739564275,1,254.228748125,-0.0037704856833449263,0.0071462118101599525,-0.0037704856833449263,-0.0011603099151961116
2017-12-29,-0.00020573622304446008,-2.977401734685612e-05,0.000979059492018313,1.0,253.2701822699,0.007157310949728046,0.014354670419925997,0.007157310949728046,0.0059886963356707845
2018-01-02,-0.00018099358319592328,-0.00038415868771620907,-0.000770689126014983,0,255.08291571869998,0.006325110689417102,0.020770575988659168,0.0,0.0059886963356707845
2018-01-03,-0.00019623106276145033,-0.0004636653499857053,-0.0008156037388403561,0,256.6963433956,0.0042148851997183545,0.025073006781701768,0.0,0.0059886963356707845
2018-01-04,-3.953969220035967e-05,-0.0004636653499857053,-0.00010941242003852644,1,257.77828901419997,0.006663966716783598,0.03190405918116834,0.006663966716783598,0.012692571525512175
2018-01-05,3.698363591571929e-06,-0.0004636653499857053,0.0002730564337078736,1.0,259.4961149525,0.001828688464899697,0.03379109023107607,0.001828688464899697,0.014544470749550564
2018-01-08,-2.204144340482474e-05,-0.0007910661397318817,-0.0008094431534487802,1,259.97065250459997,0.0022634345793690613,0.03613100873254882,0.0022634345793690613,0.016840825786952784
2018-01-09,-5.8637154099115265e-05,-0.0007910661397318817,-0.00015989394467770638,1,260.5590790691,-0.0015298317184881949,0.03454590265088053,-0.0015298317184881949,0.015285230439010089
2018-01-10,-0.00010819535870262097,-0.0007910661397318817,0.0007859702932818866,1.0,260.1604675254,0.007296074711714784,0.04209402684931973,0.007296074711714784,0.022692827333993693
2018-01-11,-3.0950219859141553e-05,-0.0004856685490632433,0.00022740329983301884,1.0,262.0586177335,0.006518904823947791,0.04888733862795491,0.006518904823947791,0.029359664539517993
2018-01-12,-2.8821144138212136e-05,-0.00035505900299494854,-0.0005482240613121907,0,263.7669529208,-0.003418249855851818,0.04530197963388516,-0.0,0.029359664539517993
2018-01-16,2.1191402951103837e-05,-0.00035505900299494854,0.0008522862426543129,1.0,262.865331572,0.009531718236543751,0.05526550357585669,0.009531718236543751,0.03917123082597196
2018-01-17,-4.2042342777157395e-06,-0.00035505900299494854,0.00015503308419584466,1.0,265.3708898467,-0.0016809126997979762,0.0534916943892374,-0.0016809126997979762,0.03742447470681198
2018-01-18,1.3791667231598242e-05,-3.430430240930867e-06,0.0004868709391197451,1.0,264.9248245478,0.004549688328217005,0.05828475325507365,0.004549688328217005,0.04214443273079227
2018-01-19,4.3667749163474556e-05,0.00019021819201443175,0.000783950307087693,1.0,266.1301499299,0.008130951107456097,0.06688961484155698,0.008130951107456097,0.050618058160234014
2018-01-22,4.102954804201703e-05,9.632731078791499e-05,3.96215373799853e-05,0,268.2940411672,0.0021224663057093363,0.06915405210096948,0.0,0.050618058160234014
2018-01-23,1.260812787115263e-06,-4.5745677900276525e-05,-0.00012911289318053837,0,268.86348622959997,-0.00038829468018886093,0.0687389052702363,-0.0,0.050618058160234014
2018-01-24,6.0260259400303045e-05,9.632731078791499e-05,0.0006319407922474406,1.0,268.7590879682,0.00042375874007083425,0.06919179272219833,0.00042375874007083425,0.05106326674485562
2018-01-25,0.00010604345827011286,9.632731078791499e-05,0.0014075116490958293,1,268.8729769807,0.011577832686114453,0.08157071640770264,0.011577832686114453,0.06323230138974845
2018-01-26,-3.3834894100501707e-05,-4.5745677900276525e-05,-0.000472861190688228,0,271.985943322,-0.006629911368490005,0.07439999841916523,-0.0,0.06323230138974845
2018-01-29,6.648958803108806e-05,-4.5745677900276525e-05,0.0008767461199520729,1.0,270.1827006243,-0.010257130813692061,0.06337973708914935,-0.010257130813692061,0.052326588589050926
2018-01-30,3.8585776538474295e-05,-4.5745677900276525e-05,0.0008511477413310026,1.0,267.4114013204,0.0004968767746773572,0.06390810578317141,0.0004968767746773572,0.05284946523029621
2018-01-31,9.731101139212801e-05,0.0002504139495334511,0.0006356815460562963,1.0,267.544271835,-0.0011351543100401873,0.06270040591140491,-0.0011351543100401873,0.05165431862201664
2018-02-01,0.00012752282548423303,0.0006328111691518685,0.0017269695180978496,-1,267.24056780169997,-0.021770012074727174,0.0395654052428962,0.021770012074727174,0.07454884583685684
2018-02-02,9.020648196797175e-05,0.0007424146436936494,0.0014216728703019303,-1,261.4227374138,-0.04182247231805958,-0.00391179014068721,0.04182247231805958,0.11948913519627169
2018-02-05,6.434858017848755e-06,0.0007424146436936494,0.001983446373012719,-1,250.489392215,0.019702193763414977,0.0157133327754142,-0.019702193763414977,0.09743274333859686
2018-02-06,1.2391984889785123e-05,0.0008629469306415376,0.0009253801268745493,1.0,255.4245827561,-0.005424887600670614,0.010203202110605103,-0.005424887600670614,0.09147929405668931
2018-02-07,-0.00010318152406001653,0.0008872639341027759,0.001271167031620299,-1,254.03893310419997,-0.037508872865922305,-0.027688381366109183,0.037508872865922305,0.13241945213324824
2018-02-08,-8.209295455482385e-06,0.001097273579247424,0.001447430546808971,-1,244.5102190594,0.015021542522146047,-0.01308276104202355,-0.015021542522146047,0.11540876518012322
2018-02-09,-1.2163325106062726e-05,0.0011469748388542786,0.001024782646088258,0,248.1831397121,0.01468451242831259,0.0014096374191707728,0.0,0.11540876518012322
2018-02-12,8.195396464385871e-05,0.0009740813864814038,0.0005888039654155211,1.0,251.82758811169998,0.002487374689155164,0.0039005184047633534,0.002487374689155164,0.1181832047106941
2018-02-13,6.929509299133426e-05,0.0007560920461450352,0.0004448515906608656,1.0,252.45397768040002,0.013496240601577725,0.01744940134120254,0.013496240601577725,0.1332744742781129
2018-02-14,1.310609045421926e-05,0.0005158277780381933,-0.00010385832040123924,0,255.86115730400002,0.012760117215138367,0.030432174962788716,0.0,0.1332744742781129
2018-02-15,1.2911048980583856e-05,0.000322432220175374,0.00020201284968988245,1.0,259.12597566200003,0.00029300809425225616,0.0307340999306307,0.00029300809425225616,0.1336065328720859
2018-02-16,3.0088988200794954e-05,0.000322432220175374,0.0007267911217793602,1.0,259.2019016703,-0.0062612134306958556,0.024280453740668895,-0.0062612134306958556,0.12650878042334268
2018-02-20,5.95159469012343e-05,0.000322432220175374,0.000799174127302082,1.0,257.5789832423,-0.004974207811026199,0.01918546990699066,-0.004974207811026199,0.12090529164857133
2018-02-21,7.970848510117045e-05,0.000322432220175374,0.0012170125335217961,-1,256.2977318519,0.0012960562857886604,0.020506391641648136,-0.0012960562857886604,0.11945253529955635
2018-02-22,0.00010419030624820341,0.000322432220175374,0.0012265303663392395,-1,256.62990813830004,0.0159393491124018,0.03677259928946186,-0.0159393491124018,0.10160919052465345
2018-02-23,0.0001380298517263055,0.0003529076920578178,0.0005058025344257532,1.0,260.7204218368,0.011612245640639118,0.04881185738589511,0.011612245640639118,0.11440134704501137
2018-02-26,0.00014570225711228973,0.0003529076920578178,-0.0002700361148256262,0,263.7479714187,-0.012486505937412185,0.035715861901417734,-0.0,0.11440134704501137
2018-02-27,0.0001600318087936429,0.0006152968281025567,0.0015710139725852675,-1,260.45468080759997,-0.010130087818037703,0.025223969265821822,0.010130087818037703,0.1256903305551169
2018-02-28,0.00010772171714029472,0.0006514883308639176,0.001354741597643629,-1,257.8162520184,-0.014540769372570206,0.010316423973496525,0.014540769372570206,0.14205873403665126
2018-03-01,3.123909101359188e-05,0.0008604075339737747,0.0017507251964569597,-1,254.0674053573,0.00515502428089154,0.015524629670463419,-0.00515502428089154,0.13617139353248797
2018-03-02,2.5699633618900206e-05,0.0007401698742568062,0.0009765372140878593,1.0,255.3771290009,0.011557900995862624,0.027261962799054684,0.011557900995862624,0.14930315001326777
2018-03-05,4.744222374495717e-05,0.0005172279685651043,0.0005306534027044554,1.0,258.3287525745,0.0025349939384355924,0.029866065647935702,0.0025349939384355924,0.15221662653197643
2018-03-06,0.0001344619170179523,0.0003825794823729766,0.00023650556204149792,1.0,258.9836143964,-0.00036646144861807173,0.02948865943763579,-0.00036646144861807173,0.15179438355789565
2018-03-07,0.00015925790485304153,0.0006850449921916998,0.0008414365816789441,1.0,258.8887068859,0.004839064447690111,0.034470421408820506,0.004839064447690111,0.15736799081041974
2018-03-08,0.00020930906354476312,0.0003825794823729766,0.000177040405460587,0.75,260.1414860233,0.017402407880435344,0.05247269762242257,0.013051805910326508,0.17247373319330173
2018-03-09,0.000232154541289368,0.00032580571492679656,0.0004171058678120952,1.0,264.6685742697,-0.0012550650840077449,0.051151775887765316,-0.0012550650840077449,0.17100220234885466
2018-03-12,0.00019578402457015492,0.00028783669172482545,0.000341167821408153,1.0,264.3363979833,-0.006462731581550529,0.044358464108732454,-0.006462731581550529,0.16343432943366953
2018-03-13,0.00019718957631176067,0.00028783669172482545,0.0009823868570797193,1.0,262.6280627959,-0.005131540907520438,0.03899929592804319,-0.005131540907520438,0.15746411857896714
2018-03-14,0.000222226066229726,0.00028783669172482545,0.001512577471283506,-1,261.2803761482,-0.0010897203050507231,0.03786707729833694,0.0010897203050507231,0.15872543073135015
2018-03-15,0.00027799598839463866,0.0003781368446101241,0.0012656879025502417,-1,260.995653617,0.0010791999996802026,0.0389871434478255,-0.0010791999996802026,0.15747493424687553
2018-03-16,0.00021952739523912259,0.0003781368446101241,0.0015175565921463398,-1,261.2773201263,-0.013530269875667633,0.024929366999627334,0.013530269875667633,0.1731358824815563
2018-03-19,0.0002633793395420914,0.0006987463624459074,0.0020473479781307714,-1,257.7421674726,0.001700617397991877,0.02667237971285963,-0.001700617397991877,0.17114082718959955
2018-03-20,0.00018149643674477472,0.001089108428126239,0.0011978299991727587,-1,258.1804882868,-0.0019191732794678895,0.02470201751494705,0.0019191732794678895,0.17338844937163578
2018-03-21,0.000161794173303854,0.0011807635830594237,0.0011656971669460883,0,257.68499519240004,-0.024997226639023262,-0.0009126910543384437,-0.0,0.17338844937163578
2018-03-22,0.00015147982068868034,0.0012307589508615004,0.0018437275543431305,-1,251.2435849661,-0.021314521940222098,-0.022207759421058237,0.021314521940222098,0.19839866322017063
2018-03-26,0.00022412466808802552,0.0012307589508615004,0.0015321970412073387,-1,252.6157196889,-0.017011806420013653,-0.03884177173677861,0.017011806420013653,0.21878558929287517
2018-03-27,0.00026344483934674276,0.0013070240399429243,0.0014182180807130896,-1,248.31826996689998,-0.002954719877026224,-0.041681725058795305,0.002954719877026224,0.222386759299392
2018-03-28,0.00024107088577855046,0.0013070240399429243,0.0017776681228049056,-1,247.58455903880002,0.01277758534410145,-0.02943673151392201,-0.01277758534410145,0.20676760815894446
2018-03-29,0.0002895696721433367,0.0011807635830594237,0.0009240706561133509,1.0,250.7480918718,-0.0215846475392808,-0.050385997578766384,-0.0215846475392808,0.18071995467501267
2018-04-02,0.0002924307099317515,0.001290957623829589,0.0018945354111890118,-1,245.3357826876,0.01281702722633038,-0.038214769055228914,-0.01281702722633038,0.1655866348692714
2018-04-03,0.00031151443698672386,0.0013943228069158867,0.0013724275331186836,0,248.4802580939,0.010699083483708183,-0.02792454857595328,0.0,0.1655866348692714
2018-04-04,0.00030465885227864715,0.0012226355154460395,0.0010748434977733952,0,251.1387691193,0.007891941113872702,-0.020252986355073443,0.0,0.1655866348692714
2018-04-05,0.0002348507790435513,0.000998457076943373,0.0002461591723875937,1.0,253.1207414966,-0.02228580033128491,-0.04208743267633697,-0.02228580033128491,0.13961060385576052
2018-04-06,0.0002579323738539964,0.000998457076943373,0.0019348899850150818,-1,247.47974319189998,0.004928384413888098,-0.03736647130967152,-0.004928384413888098,0.13399416471781622
2018-04-09,0.00023645320883827444,0.0008881057370638475,0.0008541408180143442,1.0,248.699418501,0.015900383141764785,-0.022060229378386254,0.015900383141764785,0.152025106417355
2018-04-10,0.00022247939169086733,0.0006172679716394053,0.00038239512526446644,1.0,252.6538345423,-0.0052423156703691465,-0.027186898362593137,-0.0052423156703691465,0.14598582714932462
2018-04-11,0.00024269096351572044,0.0006172679716394053,0.0008830075815593452,1.0,251.32934338630002,0.008227176220811705,-0.0191833935455078,0.008227176220811705,0.15541405449583467
2018-04-12,0.00024465109089171904,0.00031327714882603005,0.00017778603419103876,0.75,253.39707418380002,-0.0029331026962091666,-0.022060229378386143,-0.002199827022156875,0.15287234343697498
2018-04-13,0.0001796852806711466,0.00031327714882603005,0.00040187283927809413,1.0,252.6538345423,0.00822176126740004,-0.014019842050439268,0.00822176126740004,0.16235098461650188
2018-04-16,0.0002127979416785754,0.0002790905797277526,0.00011820308590336063,0.75,254.7310940532,0.010698387760352812,-0.0034714439966809785,0.008023790820264609,0.17167744577679311
2018-04-17,0.0002467344163506088,0.0001469945600471997,7.859721726936395e-06,0,257.456306072,0.0007402198450974229,-0.002733793783321059,0.0,0.17167744577679311
2018-04-18,0.00018285100629982727,0.0001469945600471997,0.00039165404182702206,1.0,257.646880339,-0.005547542438392505,-0.008266170384682803,-0.005547542438392505,0.16517751542223902
2018-04-19,0.00018079498573875943,0.0001469945600471997,0.000968201820602928,1.0,256.21757333619996,-0.008479303804619365,-0.016675382819309692,-0.008479303804619365,0.15529762128266222
2018-04-20,0.00023998971047681328,0.0001469945600471997,0.0012576839724973848,1,254.0450266918,-0.00015003188173490223,-0.016822912861981565,-0.00015003188173490223,0.15512428980657722
2018-04-23,0.00019689369528856125,0.00025392856386519135,0.0013041963797166892,-1,254.00691183840001,-0.013467381926112076,-0.030063734195471592,0.013467381926112076,0.17068078978953127
2018-04-24,0.00018926301137746427,0.00025392856386519135,0.0017185433773968934,-1,250.5861037448,0.002471670849437002,-0.027666371001470735,-0.002471670849437002,0.16778725220741264
2018-04-25,0.00011800790503872662,0.000678927931214975,0.0011091635535088052,-1,251.2054701127,0.010165762621945795,-0.01778185813973654,-0.010165762621945795,0.1559158042085378
2018-04-26,0.00019026324242685884,0.0008539253914075183,0.0007416489622121087,1.0,253.7591652912,0.0009387555855435714,-0.01685979537284299,0.0009387555855435714,0.15700092662615672
2018-04-27,0.0001354384695449951,0.0008539253914075183,0.0004758302695253022,1.0,253.997383125,-0.0076905762306167524,-0.024420710061912265,-0.0076905762306167524,0.14810292280104398
2018-04-30,0.00020922810820384662,0.0008743066016891289,0.001008964241166149,-1,252.04399688770002,0.0017768704398046786,-0.022687232059935614,-0.0017768704398046786,0.14606289265566552
2018-05-01,0.0001896944168288183,0.0008278041569704058,0.0009159593517287027,1.0,252.4918464153,-0.0067174881121119245,-0.029252318960388157,-0.0067174881121119245,0.1383642287985185
2018-05-02,0.0002069258144382455,0.0008278041569704058,0.001353905651904063,-1,250.79573543860002,-0.002203647416625709,-0.03139150457990647,0.002203647416625709,0.1408727821904896
2018-05-03,0.00013902336941827708,0.0008278041569704058,0.0017430328942811169,-1,250.2430700641,0.012946462569653372,-0.018851450949301962,-0.012946462569653372,0.1261025154191242
2018-05-04,0.00019449806309200816,0.0006077396158687055,3.420464046531221e-05,0,253.482832604,0.0033832042702461873,-0.015532024988407778,0.0,0.1261025154191242
2018-05-07,0.0001888226715932186,0.0002540174549953072,1.5392180782595143e-05,0,254.3404168057,0.0,-0.015532024988407778,0.0,0.1261025154191242
2018-05-08,0.00020276974798336152,0.00031868821643207254,0.0006051717923988329,1.0,254.3404168057,0.009665817473587301,-0.006016337233353597,0.009665817473587301,0.13698721678971304
2018-05-09,0.00017453509295582906,2.3798410623953674e-05,-0.00017067989057076757,0,256.7988248507,0.009350649350502449,0.0032780554573053067,0.0,0.13698721678971304
2018-05-10,0.00010445876537735543,-7.864385489408621e-05,-0.00023894553302939895,0,259.2000606155,0.0030512462320495537,0.006339303843717392,0.0,0.13698721678971304
2018-05-11,7.319347688385517e-05,-0.00020581271180008327,-0.0002783994642905766,0,259.9909438238,0.0004764522628291079,0.0068187764822076335,0.0,0.13698721678971304
2018-05-14,0.000138982717222554,-0.00020581271180008327,0.00041716494383321675,1.0,260.1148170973,-0.00688695142472362,-0.00011513552492503631,-0.00688695142472362,0.12915684105715064
2018-05-15,0.0001767216705825696,-0.00020581271180008327,0.0010532502070901399,1,258.3234189871,0.0042050903726007505,0.004089470692388408,0.0042050903726007505,0.1339050476186363
2018-05-16,0.00012188896591989087,-0.00020581271180008327,0.00010912286690713516,0.75,259.4096923093,-0.0008448427861312835,0.00324117294644366,-0.0006336320895984626,0.13318656899390757
2018-05-17,0.00012782254522228346,-0.00020581271180008327,0.0011509273254771814,1,259.19053190209996,-0.002499908091336822,0.0007331622206325772,-0.002499908091336822,0.1303537067210856
2018-05-18,0.0001424532535255441,-6.591133306113188e-05,0.0012564721634549215,1,258.5425793942,0.007518519883474184,0.008257194398840317,0.007518519883474184,0.13885229354042683
2018-05-21,0.00010370433772877093,-8.563829869172074e-05,-0.0002834860720342293,0,260.4864369181,-0.0027801148626701577,0.005454123587298021,-0.0,0.13885229354042683
2018-05-22,0.00010803649495196294,0.00026214390537017597,0.0004970882905462247,1.0,259.7622547033,0.002751183008540936,0.008220311887978893,0.002751183008540936,0.1419854846196531
2018-05-23,2.8972592616268642e-05,-6.862124842272618e-06,-0.0001208471165916804,0,260.4769082047,-0.0020485806261207884,0.0061548912901836506,-0.0,0.1419854846196531
2018-05-24,5.912631626014021e-05,-6.862124842272618e-06,0.0006151723403698693,1.0,259.94330025700003,-0.0023826979471588405,0.003757528096182794,-0.0023826979471588405,0.13926447814976473
2018-05-25,6.190252893204903e-06,0.00018712058697727216,0.0013963473706631044,-1,259.3239338891,-0.01150101047239016,-0.007786697746191895,0.01150101047239016,0.15236717084378726
2018-05-29,0.00014131085715764208,0.00018712058697727216,0.0017206138349471429,-1,256.34144660970003,0.013344732733791664,0.005454123587298021,-0.013344732733791664,0.1369891389376814
2018-05-30,0.0002823187930127428,3.698813619554423e-05,0.00019682338898276884,0.75,259.7622547033,-0.006125967499464369,-0.0007052556960002176,-0.0045944756245982765,0.13176527005339933
2018-05-31,0.00031470664397850604,0.00034595583976449677,0.0010525909576631002,-1,258.1709595734,0.009817671809363215,0.009105492144398042,-0.009817671809363215,0.12065397006677969
2018-06-01,0.0003386807948472678,7.806686607899033e-05,-3.868965682478822e-05,0,260.7055973252,0.004751461988193428,0.013900218532399311,0.0,0.12065397006677969
2018-06-04,0.00035252032189374646,7.806686607899033e-05,-0.00014888523874878327,0,261.94433006099996,0.0007275372864747887,0.014637868746146587,0.0,0.12065397006677969
2018-06-05,0.00030166537680894885,7.806686607899033e-05,0.0004414611105518465,1.0,262.1349043281,0.008360596146924859,0.023120846202109746,0.008360596146924859,0.13002330533095607
2018-06-06,0.00027612684198496636,-8.61928804581015e-05,-0.0001316961040914148,0,264.3265083992,-0.00010814708018924701,0.023010198669912274,-0.0,0.13002330533095607
2018-06-07,0.00034973721870210745,-8.61928804581015e-05,0.00045549598828766193,1.0,264.2979222591,0.0029563399069556517,0.026034564545462713,0.0029563399069556517,0.133364038324296
2018-06-08,0.0002810316163247889,-8.61928804581015e-05,0.00018313517044343512,0.75,265.07927675400003,0.0013300262412712094,0.02739921744075935,0.000997519680953407,0.13449459125820917
2018-06-11,0.0003105107729000014,-8.61928804581015e-05,0.00039650519094742087,1.0,265.43183914810004,0.001292360711890872,0.028726987824807315,0.001292360711890872,0.13596076749580388
2018-06-12,0.0003167863048844252,2.4719533176010183e-05,0.0005406457441532917,1.0,265.7748728287,-0.0031908791048376184,0.025444444374774555,-0.0031908791048376184,0.13233605401888626
2018-06-13,0.0003024564098962868,0.000288820180695428,0.0007185517964929674,1.0,264.9268173404,0.0025177139154732853,0.028026220121921686,0.0025177139154732853,0.13518695225908162
2018-06-14,0.00032953360937738977,3.363003102246369e-05,-0.00011387510839850774,0,265.593827275,-0.0012714813618404097,0.02671910394355348,-0.0,0.13518695225908162
2018-06-15,0.00037415690127950296,0.000288820180695428,0.0012736813123148693,1,265.2561296738,-0.002056796449042997,0.02460735173639783,-0.002056796449042997,0.13285210376667522
2018-06-18,0.0003232842531546183,0.000288820180695428,0.0009753022956903355,1.0,264.7105518082,-0.0038328030086807185,0.020680233595946174,-0.0038328030086807185,0.12851010481496794
2018-06-19,0.0003385564535383223,0.00046757546755035625,0.0016333347054079412,-1,263.6959684088,0.001705989110924122,0.022421502960196404,-0.001705989110924122,0.1265848788645858
2018-06-20,0.0004209252239782553,0.0006285987703231295,0.0010107822249649653,-1,264.1458308595,-0.006268797332942833,0.016012149769296213,0.006268797332942833,0.1336472111485456
2018-06-21,0.0003671183224676054,0.0008459270460916514,0.001188897048516003,-1,262.4899541795,0.0018232205365571463,0.01786456398614722,-0.0018232205365571463,0.13158032227196892
2018-06-22,0.00033389974484604256,0.0008753741699718688,0.0007774460442534019,1.0,262.9685312546,-0.013612870350004691,0.00400850564273969,-0.013612870350004691,0.11617626605426401
2018-06-25,0.00040779626937570315,0.0009920422603276503,0.0018068512049799132,-1,259.3887747325,0.0022140221399027382,0.00623140270288336,-0.0022140221399027382,0.11370502708918595
2018-06-26,0.0003948442886545862,0.0008753741699718688,0.0005579770695586774,1.0,259.9630672226,-0.008284241531339998,-0.00210446127352637,-0.008284241531339998,0.10447882565011168
2018-06-27,0.0004221423983311486,0.0008931141346091836,0.0014977059308677197,-1,257.8094703845,0.0057174679781997195,0.003600974514730515,-0.0057174679781997195,0.0981640033318576
2018-06-28,0.00042383088136354214,0.0006667115569060397,0.00040005610415495976,0.75,259.2834877759,0.001439698770646869,0.0050458576039593694,0.0010797740779851517,0.09934977235603171
2018-06-29,0.00044753792602456933,0.0005953627111653897,0.0006347483527721022,1.0,259.6567778945,0.002138012385817678,0.007194658095831308,0.002138012385817678,0.10170019578567469
2018-07-02,0.000359685348849154,0.0004780165868568185,0.000314781383740569,0.75,260.2119273017,-0.0035312293092336633,0.0036380227990597813,-0.0026484219819252475,0.09878242876966459
2018-07-03,0.000363537106147671,0.00035641874394776434,0.0001992119584025901,0.75,259.29305931740004,0.008157991879029103,0.011825693638539247,0.006118493909271827,0.10550532236770671
2018-07-05,0.0003709408033586813,0.0002559966710715795,0.00015842304054873718,0.75,261.4083699896,0.008458130423627974,0.02038384732131182,0.006343597817720981,0.11251820351815733
2018-07-06,0.0003978395377352884,0.00017781749947566364,-0.00021505725605348568,0,263.6193960768,0.009004429598603814,0.029571821838069168,0.0,0.11251820351815733
2018-07-09,0.00035921035760028765,0.00016601620190799364,0.0001756093632672501,0.75,265.9931383696,0.0035984166966369635,0.033276650272158204,0.0026988125224777226,0.11552068157729667
2018-07-10,0.00044550129784211973,-6.539744656129442e-06,-0.00016950252986099607,0,266.9502925199,-0.007314449623816999,0.025718800266276043,-0.0,0.11552068157729667
2018-07-11,0.0005357020657118116,-6.539744656129442e-06,0.0008310320297222544,1.0,264.9976980532,0.009065953911862712,0.03501791963602119,0.009065953911862712,0.1256339406642062
2018-07-12,0.0005206465174570871,-3.5550159413980196e-05,0.00010040221103303564,0.75,267.4001549705,0.0007874861296293112,0.035832981891652294,0.0005906145972219834,0.12629875650069078
2018-07-13,0.000509739935006871,-3.5550159413980196e-05,0.000258255686445895,0.75,267.6107288836,-0.0008941664581172404,0.03490677478303317,-0.0006706248435879303,0.12554343257327916
2018-07-16,0.0005122118699947858,-3.5550159413980196e-05,0.0007852244658336896,1.0,267.371440346,0.004045249516554161,0.03909323091340289,0.004045249516554161,0.13009653659975684
2018-07-17,0.00033038468287900494,0.00010751723272339133,0.00011663225441374702,0.75,268.4530245358,0.0021036117945643085,0.041279079689604314,0.0015777088459232314,0.13187949990229741
2018-07-18,0.0004791328008685186,0.00010751723272339133,0.0003884700829907874,0.75,269.0177454845,-0.0037714367038230723,0.0373519615495399,-0.002828577527867304,0.12867789098462
2018-07-19,0.00046377165864322235,0.000186443970429821,0.0005890844462205725,1.0,268.0031620852,-0.0011428571428671042,0.03616641645061591,-0.0011428571428671042,0.12738797339491215
2018-07-20,0.00042824335383146936,0.000186443970429821,0.0009441140686300464,1.0,267.6968727571,0.0018592677347100128,0.0380929272365127,0.0018592677347100128,0.12948408947834533
2018-07-23,0.0003915697722067906,0.0003223628847183412,0.0006065028035616048,1.0,268.1945929153,0.00503211991423802,0.04331673532848912,0.00503211991423802,0.1351677888578242
2018-07-24,0.0003592736490074283,0.00038847169026739775,0.0003904732975440082,1.0,269.54418026720003,0.008522424629694436,0.05220832357022509,0.008522424629694436,0.14484217078042194
2018-07-25,0.0003852549697459023,0.00038847169026739775,0.0005024877529798752,1.0,271.8413502279,-0.0023590718636526953,0.04972608851938931,-0.0023590718636526953,0.14214140582701074
2018-07-26,0.00039654857035123546,0.0004454805252619417,0.0005076400097343598,1.0,271.20005694720004,-0.006776311145678782,0.04261281792584559,-0.006776311145678782,0.13440190028876398
2018-07-27,0.00038283947965036635,0.0005040638813571174,0.0009202917861465973,1.0,269.3623209786,-0.005223509345287147,0.03716672012789379,-0.005223509345287147,0.12847634136129416
2018-07-30,0.00039154778081285666,0.0005040638813571174,0.001036671624582207,-1,267.95530437770003,0.004929451687726516,0.04227938336688197,-0.004929451687726516,0.12291357175581119
2018-07-31,0.0003854684322627218,0.0005040638813571174,0.0009028247543437465,1.0,269.2761771051,-0.001670635907848661,0.04053811400301899,-0.001670635907848661,0.12103759202142528
2018-08-01,0.00044828789815018824,0.0005040638813571174,0.0006936271796799175,1.0,268.8263146545,0.005447553941220873,0.04620650150694661,0.005447553941220873,0.12714450477409844
2018-08-02,0.0004718513968179142,0.0005656528769628336,0.0006256657441913075,1.0,270.2907605044,0.004284854279660744,0.05068934391233748,0.004284854279660744,0.13197415472917573
2018-08-03,0.0004823480219323116,0.0006200294857031975,0.0006163932272150875,1.0,271.4489170263,0.0036671368123508685,0.05454236548374314,0.0036671368123508685,0.13612525882261295
2018-08-06,0.0004398618885822799,0.0006200294857031975,0.0005298139069102952,1.0,272.4443573426,0.0033024170883033666,0.058024904211856576,0.0033024170883033666,0.13987721829180177
2018-08-07,0.0004601456147969332,0.0005721035670626913,0.00044961781461144414,0.75,273.3440822439,-0.00042019749268795703,0.05758032479990538,-0.00031514811951596777,0.13951798812997795
2018-08-08,0.0004253661843577554,0.0005615556499701682,0.0005952973930300414,1.0,273.2292237459,-0.0013662159324772105,0.05613544171028928,-0.0013662159324772105,0.13796116049925033
2018-08-09,0.00028789379251377726,0.0005615556499701682,0.0006186872533845441,1.0,272.8559336272,-0.006700108744923994,0.04905921940146207,-0.006700108744923994,0.1303366969764055
2018-08-10,0.00032473845561052905,0.0005615556499701682,0.0012676139622322725,-1,271.0277692002,-0.0037434665916115106,0.04513210126101064,0.0037434665916115106,0.13456807463880938
2018-08-13,0.00024983643805632507,0.0005615556499701682,0.0011771905799019733,-1,270.01318580080004,0.006380716058329794,0.05180079244260272,-0.006380716058329794,0.12732871790569322
2018-08-14,0.00016377407078494303,0.0005615556499701682,0.0007591668310157342,1.0,271.7360632714,-0.007467418105168155,0.04394655616208665,-0.007467418105168155,0.11891048302712814
2018-08-15,1.154104499932403e-05,0.0006059923232072927,0.0009778524758585934,1.0,269.7068964727,0.008091418837415265,0.05239356499187142,0.008091418837415265,0.12796405638687536
2018-08-16,1.2786437072029801e-05,0.0006879270422001391,0.0009433713914068788,1.0,271.8892079354,0.0035203830176568918,0.056098393425960236,0.0035203830176568918,0.13193492189550704
2018-08-17,2.361665922976331e-05,0.0008502691112113065,0.001209648383543383,-1,272.8463620857,0.0021399003719047016,0.05835833877082042,-0.0021399003719047016,0.12951269393517095
2018-08-20,8.874703909633619e-05,0.0009038544059043409,0.0008663374204018029,1.0,273.4302261174,0.0023453635313333,0.060840573821655974,0.0023453635313333,0.13216181181570463
2018-08-21,-0.000147717806280114,0.0008117521257087685,0.0006015289544381958,1.0,274.0715193981,-0.0005936997972549873,0.060210752988058225,-0.0005936997972549873,0.13148964757756976
2018-08-22,-0.00014702179292463746,0.0007443421580976596,0.0007315174851795849,1.0,273.9088031926,-0.0013278820281078518,0.05880291818315864,-0.0013278820281078518,0.12998716280956146
2018-08-23,-0.00011552847470648511,0.0007979274527906939,0.0010488622772188668,-1,273.5450846155,0.006018405122556247,0.06517522308972956,-0.006018405122556247,0.12318644228048559
2018-08-24,-7.304953314330137e-05,0.0007344116762906157,0.0007393058674016465,1.0,275.191389754,0.007895377552118443,0.07358518363518507,0.007895377552118443,0.13205442330371064
2018-08-27,-0.00013823846589084988,0.0006655232198088904,0.0003041820117629855,1.0,277.3641296752,0.00048312512925496875,0.07410385961579502,0.00048312512925496875,0.13260134724329298
2018-08-28,-1.0794397094037774e-05,0.0005093717443723422,0.0004192145343064886,1.0,277.4981312562,0.0053807947020783065,0.07988339197309746,0.0053807947020783065,0.13869564257210643
2018-08-29,-6.792982789680097e-06,0.0003974718931712347,0.0003777292520359809,1.0,278.99129173069997,-0.004048305201189373,0.07551169442069483,-0.004048305201189373,0.13408585507971016
2018-08-30,4.4630530625406385e-05,0.0003974718931712347,0.001080668691215922,-1,277.8618498333,3.444712365396896e-05,0.07554874270502387,-3.444712365396896e-05,0.134046789084026
2018-08-31,1.171422987802096e-06,0.0003974718931712347,0.001214310483525917,-1,277.8714213748,-0.0017222968548984419,0.07369632848817309,0.0017222968548984419,0.13599995430217304
2018-09-04,-4.081485717888767e-06,0.0003974718931712347,0.0013015237780987482,-1,277.3928442997,-0.0026914185158048998,0.07080656230932836,0.0026914185158048998,0.1390574056131355
2018-09-05,1.0584873700912898e-05,0.0003974718931712347,0.00124210939022576,-1,276.6462640624,-0.003010068158781354,0.06758336157190703,0.003010068158781354,0.14248604604079573
2018-09-06,-5.8753874116172204e-05,0.0007489416127612054,0.0012871520934155851,-1,275.81353995169997,-0.0019433647974418378,0.06550865764869362,0.0019433647974418378,0.14470631320423988
2018-09-07,3.995749886711453e-05,0.0007281989716259516,0.00035057119019834784,1.0,275.2775336275,0.001738525730354823,0.06736107186593165,0.001738525730354823,0.14669641458344507
2018-09-10,-1.653051336374286e-05,0.0007146199407071349,-0.00024745812610959774,0,275.7561107027,0.0032974661576232744,0.07088065887837414,0.0,0.14669641458344507
2018-09-11,-1.8046775554046432e-05,5.3190929609537565e-05,-0.00024218933097927268,0,276.6654071455,0.00024217263441506098,0.07113999686867878,0.0,0.14669641458344507
2018-09-12,2.4332921128680447e-06,-0.00023184175812674508,-0.00021949418527421747,1,276.73240793599996,0.005914499169821008,0.07747525349092066,0.005914499169821008,0.15347854957553553
2018-09-13,-3.261716639685879e-05,-0.0002458237285444352,-0.0004585035992508703,0,278.369141533,0.00017192174116864578,0.07766049491256699,0.0,0.15347854957553553
2018-09-14,2.597164266707397e-05,-0.000342682896697762,-0.00043590766728592625,0,278.4169992405,-0.005294279428055604,0.07195505912392308,-0.0,0.15347854957553553
2018-09-17,3.9706376095821684e-05,-0.000342682896697762,0.0007792036077762466,1.0,276.94298184900003,0.005426142254868038,0.07777163976555501,0.005426142254868038,0.15973748827347123
2018-09-18,8.958555700638123e-06,-0.000342682896697762,-0.0002387162258416754,1,278.445713865,0.001065621669952721,0.07892013658014974,0.001065621669952721,0.16097332967243205
2018-09-19,1.3436412373539843e-05,-0.0003400484991325995,0.0005793297134673055,1.0,278.7424316516,0.008103839021980752,0.08766353168456886,0.008103839021980752,0.1703816706449104
2018-09-20,-2.9187880603475848e-05,-0.0004113834365880876,-0.00038485920589024884,1,281.0013154463,-0.0009108249881090158,0.08667286056125567,-0.0009108249881090158,0.1693156577736623
2018-09-21,1.945566981037478e-05,-0.0004113834365880876,-7.732366333450734e-05,1,280.7453724265,-0.0033220315762968466,0.08306289900536634,-0.0033220315762968466,0.16543115423587995
2018-09-24,-1.5069944776138617e-05,-0.00031278771586596213,0.00025676573313620664,1.0,279.81272743439996,-0.0009277712871759158,0.08205806434546359,-0.0009277712871759158,0.16434990067379962
2018-09-25,0.0001361733913582687,-0.00015901994458809136,0.00043086041865648316,1.0,279.55312522009996,-0.0029922613930405406,0.07882026377449458,-0.0029922613930405406,0.16086586141802273
2018-09-26,0.00014944698333920316,-0.00015901994458809136,0.00045466915253671643,1.0,278.7166291962,0.0027942596936036956,0.08183476775420262,0.0027942596936036956,0.16410962210426372
2018-09-27,7.635975240084798e-05,8.872103490084963e-05,0.00048730542778260307,1.0,279.4954358391,0.00010320272462904789,0.08194641604983333,0.00010320272462904789,0.16422976138903178
2018-09-28,0.0002125567529169677,8.872103490084963e-05,0.0007469787408576132,1.0,279.5242805296,0.003474133186784689,0.08570524200015472,0.003474133186784689,0.16827445064011592
2018-10-01,0.00022055916979962054,0.00034281307589634484,0.0007693054520547299,1.0,280.49538510909997,-0.0005827306072662131,0.08507256832517185,-0.0005827306072662131,0.16759366136004084
2018-10-02,0.00022404643616965754,0.0004417647855965998,0.0008374050738165471,1.0,280.33193186299997,0.0005487721223111919,0.08566802590135336,0.0005487721223111919,0.16823440421158242
2018-10-03,0.00017740607247327533,0.0004699872901596597,0.0011639716425337425,-1,280.4857702122,-0.007815713697851834,0.07718275543999642,0.007815713697851834,0.17736498984688076
2018-10-04,7.588249458166851e-05,0.0006161420843201082,0.0010114282418536142,-1,278.2935737359,-0.0055970149256058255,0.07115374748019354,0.0055970149256058255,0.1839547192679396
2018-10-05,0.0001261173454014687,0.0007571420964561715,0.0012491156533892495,-1,276.73596045,0.0,0.07115374748019354,-0.0,0.1839547192679396
2018-10-08,3.565655717215982e-07,0.0008023552629356385,0.0010307309705978815,-1,276.73596045,-0.00145924536169173,0.06959067134252428,0.00145924536169173,0.1856823997004844
2018-10-09,-2.2247419647878163e-06,0.0009234166578350807,0.0012162624064146522,-1,276.33213478330003,-0.03166318719522587,0.03572402169353861,0.03166318719522587,0.22322488347628555
2018-10-10,2.8069149726672153e-05,0.001020079606225748,0.0017008832074238388,-1,267.5825786716,-0.022026590011054226,0.012910553303094874,0.022026590011054226,0.25016835647593716
2018-10-11,-9.989825255974296e-06,0.001096351306565812,0.0013490888590459841,-1,261.6886469171,0.013888378586982997,0.02697823854211867,-0.013888378586982997,0.23280554504373296
2018-10-12,-2.0000751922564555e-05,0.001122496688506267,0.0015221779778849143,-1,265.32307791740004,-0.005616959593933268,0.02120974327237879,0.005616959593933268,0.23973016397742053
2018-10-15,-6.601782640722591e-05,0.001122496688506267,0.0008597867936461914,1.0,263.8327689094,0.021865889212499656,0.043539402381497894,0.021865889212499656,0.26683796639634494
2018-10-16,-2.3085213279657563e-05,0.0009442588821220365,0.0004446348817198973,1.0,269.601707005,0.00017831669069923173,0.043725482874344745,0.00017831669069923173,0.26706386475016486
2018-10-17,4.195560339894767e-05,0.0007512530957133091,0.0006447193977804271,1.0,269.6497814892,-0.01444107684083551,0.028652962975418195,-0.01444107684083551,0.24876609811706163
2018-10-18,-6.875337207817468e-06,0.0007512530957133091,0.0009911614318736254,1.0,265.75574827459997,-0.0005426917511147655,0.028094721497651687,-0.0005426917511147655,0.24808840305654178
2018-10-19,1.4397898152587677e-05,0.0007372211083398817,0.0008317228188993364,1.0,265.6115248222,-0.004488687782648326,0.023479925281860048,-0.004488687782648326,0.24248612389007684
2018-10-22,2.5444429105505197e-05,0.0007372211083398817,0.0009850169090680901,1.0,264.4192776158,-0.005090723973824152,0.018269671489499872,-0.005090723973824152,0.23616096999204572
2018-10-23,7.209932714459614e-05,0.0007372211083398817,0.0015496825915253148,-1,263.0731920601,-0.03029860019746533,-0.012582474180164893,0.03029860019746533,0.2736149170015456
2018-10-24,5.294115293515442e-05,0.0007372211083398817,0.0015113915811418362,-1,255.1024425912,0.017940600030373455,0.005132388713549707,-0.017940600030373455,0.2507655011829035
2018-10-25,6.171383672104016e-05,0.0009073698639837132,0.0016886068667541212,-1,259.6791334805,-0.017587381516901757,-0.012545258081750332,0.017587381516901757,0.2727631912403863
2018-10-26,3.600396773764142e-07,0.000987089170470858,0.001672584287033891,-1,255.112057488,-0.005540270606247177,-0.018016024563399458,0.005540270606247177,0.2798146437375286
2018-10-29,4.954597132848423e-06,0.0010234009722040198,0.001063785035339949,-1,253.6986676546,0.014818464337062576,-0.003464530043825298,-0.014818464337062576,0.2608497560812537
2018-10-30,4.380681744109453e-05,0.0010570394530917892,0.0010522938708436291,0,257.4580923136,0.010680808156344535,0.007179274131769331,0.0,0.2608497560812537
2018-10-31,0.00012983966944336858,0.0010570394530917892,0.0008089435697882381,1.0,260.2079528059,0.01064183571654942,0.017897510504193193,0.01064183571654942,0.2742675120487219
2018-11-01,0.00013493274393590083,0.0009296187203159336,0.0007406877415490448,1.0,262.9770430918,-0.005923000987034022,0.011868502544777337,-0.005923000987034022,0.26672002431711195
2018-11-02,0.00020757975041964987,0.000893491078910467,0.0009800385880326958,1.0,261.419429806,0.005516936996497579,0.01745091732205717,0.005516936996497579,0.2737084388834714
2018-11-05,0.00022688721682607394,0.000893491078910467,0.0014131518899184994,-1,262.8616643299,0.006327956399197365,0.023889302365194487,-0.006327956399197365,0.26564846741692705
2018-11-06,0.00021426583774116373,0.0007887422499595725,0.000770540930130907,1.0,264.52504148080004,0.021408839779015754,0.04580958439097915,0.021408839779015754,0.29274453267241296
2018-11-07,0.00023942497814628282,0.0007546143358399759,0.00019663435162969224,0.75,270.1882157114,-0.0018148820325448733,0.043911563366804796,-0.001361161524408655,0.2909848985536496
2018-11-08,0.0002162088110353016,0.000545434140328048,0.0003521805391070514,1.0,269.6978559733,-0.009768270944878532,0.03371435237334608,-0.009768270944878532,0.27837420827883097
2018-11-09,0.00019745604824478015,0.000545434140328048,0.0011772710107362764,-1,267.0633742429,-0.018685195852282455,0.014399197243934792,0.018685195852282455,0.30226088073302737
2018-11-12,0.0002087809096563238,0.0005603607346189791,0.0014795524362107106,-1,262.0732427902,-0.0018710789891380752,0.012501176219373189,0.0018710789891380752,0.30469751370534337
2018-11-13,-0.00010002518639961065,0.0005603607346189791,0.0014842062537401741,-1,261.582883052,-0.006836727192293002,0.005578981895685509,0.006836727192293002,0.3136173746750097
2018-11-14,-7.058830188526494e-05,0.0005603607346189791,0.0012557103589790014,-1,259.7945122424,0.010436713545627807,0.01607392167723476,-0.010436713545627807,0.29990752642696705
2018-11-15,-1.963521157064335e-05,0.000763725774921664,0.0011872519015310742,-1,262.5059131474,0.0026005420846146876,0.018716264671635896,-0.0026005420846146876,0.2965270621983864
2018-11-16,-6.784044731688073e-05,0.0011343353725335335,0.0010933997343307905,1,263.18857082200003,-0.016914477770050285,0.001485211058858793,-0.016914477770050285,0.2745969840265632
2018-11-19,-4.8001094686096085e-05,0.0011812614561336754,0.0013625423181096669,-1,258.7368735915,-0.018506131549536176,-0.017048406001911487,0.018506131549536176,0.2981848434856007
2018-11-20,2.5954905544916303e-05,0.0012091541628794947,0.001233056424227915,-1,253.9486549721,0.00340754202614324,-0.013698957135698464,-0.00340754202614324,0.2937612240737213
2018-11-21,-4.596596607100118e-06,0.0011393258179309325,0.0005415106890060311,1.0,254.8139956864,-0.006678741226971097,-0.020286206572880827,-0.006678741226971097,0.2851205276486435
2018-11-23,7.916601025628956e-05,0.0010712167575380972,0.0010510337807454035,0,253.1121589482,0.016144349477641207,-0.0044693647037278295,0.0,0.2851205276486435
2018-11-26,0.00013916622822456978,0.0007952722348757173,0.00028602180115707397,1.0,257.1984900993,0.0033644859814920824,-0.0011199158371275608,0.0033644859814920824,0.28944429764844504
2018-11-27,0.00018356336283588127,0.0005854971701786051,0.0006314836513511792,1.0,258.0638308137,0.023025335320197016,0.021879633045389202,0.023025335320197016,0.3191341849785163
2018-11-28,0.00024568859404404636,0.0005854971701786051,0.0006507159268894553,1.0,264.00583705220004,-0.0021851555099743347,0.019646667134709528,-0.0021851555099743347,0.316251671645815
2018-11-29,0.00021752953497242137,0.0005757944797423744,0.0006120782704787179,1.0,263.42894324270003,0.006095335425692294,0.025861755586584767,0.006095335425692294,0.32427466708912456
2018-11-30,0.000250342425546553,0.0005757944797423744,0.0009545725814340767,1.0,265.03463101259996,0.01324142934903172,0.0394456315450582,0.01324142934903172,0.3418099565320978
2018-12-03,0.00028527834545994806,0.0006207809609149486,0.0008781886385684596,1.0,268.54406835419996,-0.03240243465822146,0.005765062388145781,-0.03240243465822146,0.2983320470918156
2018-12-04,0.0002515455060088129,0.0006207809609149486,0.0009603588791708373,1.0,259.84258672650003,-0.0015171137836422766,0.004239202348890858,-0.0015171137836422766,0.29636232964742804
2018-12-06,0.00025530355695530893,0.0006400997891203173,0.0012478186300610057,-1,259.4483759566,-0.023235991698820402,-0.019095291420518024,0.023235991698820402,0.3264845939777794
2018-12-07,0.00024152720054321567,0.0006303970986840866,0.0005044183222097176,1.0,253.4198356466,0.001897029252557747,-0.017234486494371093,0.001897029252557747,0.32900097405562234
2018-12-10,0.00025721799139483755,0.0007441334545235888,0.0009470709753635162,1.0,253.900580488,0.00022721248131496452,-0.017011189903496704,0.00022721248131496452,0.32930293966460744
2018-12-11,0.00030680092728045037,0.0008009809224529435,0.0007257732063374275,1.0,253.9582698689,0.005035399235315818,-0.012061448800812724,0.005035399235315818,0.33599651067049763
2018-12-12,0.00025271851204684414,0.0006140957642735725,0.000482142856200904,1.0,255.2370511468,-0.0003390341292973664,-0.01239639368731782,-0.0003390341292973664,0.3355435622567582
2018-12-13,0.00029188934936295413,0.0006140957642735725,0.0011419685653579511,-1,255.15051707540002,-0.018464785017495267,-0.030632281960384478,0.018464785017495267,0.36020408701532913
2018-12-14,0.000314052165247864,0.0006140957642735725,0.0014941540871994685,-1,250.4392176305,-0.019618382155102365,-0.04964970830170512,0.019618382155102365,0.386889090603328
2018-12-17,0.00030313958985199354,0.0006140957642735725,0.0011864701000733461,-1,245.5260053524,-0.0010964912279397554,-0.05069175906002232,0.0010964912279397554,0.38840980232529976
2018-12-18,0.00033820633065226134,0.0008354220908504718,0.0014604563769007194,-1,245.2567882413,-0.01497569390000486,-0.0649083086930915,0.01497569390000486,0.4092022025326896
2018-12-19,0.0003104103883124777,0.0009328708858476894,0.0013697108978839893,-1,241.58389765369998,-0.016277959086234417,-0.0801296929860631,0.016277959086234417,0.4321411383297482
2018-12-20,0.00036778744039361004,0.0009407155243538739,0.0007414624833497964,1.0,237.6514048518,-0.020368976817615292,-0.09886650994484258,-0.020368976817615292,0.40296988868355643
2018-12-21,0.0003509400691928686,0.0011561348215539838,0.0011723010777500164,-1,232.8106888957,-0.02642293311178645,-0.12267709987736064,0.02642293311178645,0.44004046821009246
2018-12-24,0.0003796587665636567,0.0011783855889116812,0.0015177179191323503,-1,226.6591476353,0.05052487838181774,-0.07835046704708071,-0.05052487838181774,0.3672825986888817
2018-12-26,0.000297245997658539,0.0011783855889116812,0.0012430932478981803,-1,238.1110735037,0.007677309285960554,-0.07127467852934011,-0.007677309285960554,0.3567855472974353
2018-12-27,0.0003547494098040114,0.0012066971628240985,0.0015562164388540766,-1,239.93912585939998,-0.0012899584796410846,-0.0724726956330286,0.0012899584796410846,0.3585357443192261
2018-12-28,0.0003983080266180911,0.0009565053414392236,0.0007427096051284308,1.0,239.6296143494,0.00875882946520834,-0.06434864214975389,0.00875882946520834,0.37043492722610805
2018-12-31,0.0004205813382883112,0.000774914766583371,0.0008091199280383113,1.0,241.72848927630002,0.0010403329067785183,-0.06337525325291027,0.0010403329067785183,0.37186063577750006
2019-01-02,0.0003452789482161949,0.0009897105028941638,0.001590263977122337,-1,241.9799673782,-0.023862818770758354,-0.08572575984074349,0.023862818770758354,0.40459709750779593
2019-01-03,0.0003178194417314739,0.0010251065879682457,0.0015183122506373594,-1,236.2056432705,0.033495761844434035,-0.055101447631868194,-0.033495761844434035,0.35754904764229156
2019-01-04,0.0002597518758084672,0.000774914766583371,0.00039074808950714395,1.0,244.11753124380002,0.00788462300389936,-0.04765127876951525,0.00788462300389936,0.36825281009225375
2019-01-07,0.0002777958618455308,0.0005657288473177874,0.000351902148678526,1.0,246.04230594630002,0.009395392719593998,-0.038703588527551736,0.009395392719593998,0.38110808258275863
2019-01-08,0.00017828608926139382,0.00040539572570889664,0.00042204336191064944,1.0,248.3539700363,0.004673443159496582,-0.03421102438910717,0.004673443159496582,0.3875626127038305
2019-01-09,0.00025390360775035713,0.0003859724059175833,0.0003831967223280227,1.0,249.5146381987,0.0035275419620834914,-0.03080416325112212,0.0035275419620834914,0.3924572980451615
2019-01-10,0.00027956656291467123,0.0003859724059175833,0.0006185707811203114,1.0,250.39481155509998,0.00038627935738499986,-0.030429782906122527,0.00038627935738499986,0.3929951755554364
2019-01-11,0.00033082611874276377,0.0003859724059175833,0.001151717000876328,-1,250.49153390200001,-0.0061008572090021085,-0.036344992354713446,0.0061008572090021085,0.40149364021432876
2019-01-14,0.0003233900385511611,0.0003859724059175833,0.0012367206924162523,-1,248.9633208216,0.011460761460699853,-0.02530077218168192,-0.011460761460699853,0.3854314559151444
2019-01-15,0.00030468053512022124,0.000401620042119336,0.0005675591267815269,1.0,251.81663005400003,0.002419819473675311,-0.022942176009230875,0.002419819473675311,0.38878394993161014
2019-01-16,0.000297432551465758,0.000401620042119336,8.372029176762534e-05,0,252.42598083919998,0.007586788259802635,-0.015529445181029389,0.0,0.38878394993161014
2019-01-17,0.00028834754105519625,0.00047437792455477476,0.0006357642580934642,1.0,254.34108330709998,0.013310009126651812,-0.0024261331114688867,0.013310009126651812,0.40726867698014746
2019-01-18,0.00036195917951155224,0.0004065214733748735,0.0002474838199682201,0.75,257.7263654472,-0.0135104706146697,-0.01590382552602876,-0.010132852961002276,0.3930090303996834
2019-01-22,0.0003212604357411138,0.0004065214733748735,0.0011246506918596545,-1,254.2443609602,0.0020923685610603204,-0.013844733629499673,-0.0020923685610603204,0.390094342099202
2019-01-23,0.0003558747210809322,0.0004065214733748735,0.0011273977885796038,-1,254.7763338679,0.0005314908317590739,-0.013320601146732836,-0.0005314908317590739,0.38935551970109605
2019-01-24,0.00033890701216198144,0.0004065214733748735,0.000669193837702585,1.0,254.9117451535,0.008461392525484612,-0.004971919456226104,0.008461392525484612,0.4011114021107356
2019-01-25,0.0003340124812832253,0.00016460205586792272,-0.00010604248066195427,0,257.06865348860003,-0.007600270901122141,-0.012534402422582414,-0.0,0.4011114021107356
2019-01-28,0.0002633672979068094,0.00041518413937536073,0.0005848844587825014,1.0,255.1148620819,-0.001326963906521872,-0.013844733629499673,-0.001326963906521872,0.39925217785111844
2019-01-29,0.0003564627191780416,0.0003580555669694257,0.00047062731397063133,1.0,254.7763338679,0.015830834061264287,0.0017669267510536102,0.015830834061264287,0.4214035068885422
2019-01-30,0.0003579318089756553,0.0002075373774663663,-5.355255903789869e-05,0,258.8096557321,0.00878242021059994,0.010564864854862632,0.0,0.4214035068885422
2019-01-31,0.00021497552805808669,-4.255720342919097e-05,-2.9561847820483263e-05,0,261.0826308833,0.00048160634230853816,0.011051559303090874,0.0,0.4214035068885422
2019-02-01,0.00014171535808773917,-8.079751984992647e-05,-0.0002575000649531692,0,261.2083699342,0.007035473598579367,0.01816478585537018,0.0,0.4214035068885422
2019-02-04,0.00012731915113423426,-8.079751984992647e-05,0.0004331863177699579,1.0,263.0460945246,0.004191792910640979,0.022432721786582954,0.004191792910640979,0.42736173603187777
2019-02-05,0.0001400681368208174,-4.255720342919097e-05,0.0004580312904271295,1.0,264.14872927880003,-0.0013181984620963538,0.021084952545126878,-0.0013181984620963538,0.42548018998658543
2019-02-06,0.00021799642312161826,-4.255720342919097e-05,2.9293651103685052e-05,0,263.8005288301,-0.009532888465207168,0.011351063579012832,-0.0,0.42548018998658543
2019-02-07,7.021997254665237e-05,-4.255720342919097e-05,0.00046815982766102994,1.0,261.2857478117,0.0012215888060225222,0.012586518717240036,0.0012215888060225222,0.4272215406298798
2019-02-08,0.00013778282024696595,-1.1340983583991025e-06,0.0009685162400365286,1.0,261.6049315564,0.0005545901575203516,0.013148089234158444,0.0005545901575203516,0.4280130636489141
2019-02-11,0.0003811056450798791,0.00023023998443682148,0.0007187316264303621,1.0,261.7500150766,0.012859359988250496,0.026176525235028558,0.012859359988250496,0.44637639770229987
2019-02-12,0.00038047220276602356,0.0003094766454688417,0.00018776697316772546,0.75,265.1159527474,0.0032469901497031994,0.029508510304323332,0.0024352426122773996,0.44989867513937676
2019-02-13,0.0003589357278929362,0.00019879337489992133,0.00021181977663211723,0.75,265.9767816345,-0.0022182624824401698,0.027224790200562454,-0.0016636968618301273,0.44748648326357565
2019-02-14,0.00010139997907321775,0.00019879337489992133,0.00041852783438732494,1.0,265.38677531860003,0.010897295721416844,0.03841876251174825,0.010897295721416844,0.4632601715244524
2019-02-15,0.00015387420445009596,0.00019879337489992133,-0.0003978732194527639,0,268.2787734898,0.0017305404332246255,0.04021578816689386,0.0,0.4632601715244524
2019-02-19,0.00011324438095423946,-1.7562364450688614e-05,-0.0002208917020691027,0,268.7430407547,0.0020154759765271812,0.042312318098348456,0.0,0.4632601715244524
2019-02-20,6.85975629438865e-05,-1.7562364450688614e-05,0.00032232699040595034,1.0,269.2846858972,-0.0035559067564857605,0.03860595268405431,-0.0035559067564857605,0.4580569547940321
2019-02-21,0.00011638516867865395,-1.7562364450688614e-05,0.0011155833694129452,1,268.3271346632,0.006199985581734735,0.045045294615799314,0.006199985581734735,0.4670968868911032
2019-02-22,0.0001826500205382497,-0.0002943336381782838,-0.0003657755742874649,0,269.9907590293,0.0013613240665029114,0.046467939925945334,0.0,0.4670968868911032
2019-02-25,0.00015260757659695882,-0.0002946412183783066,-0.00022150686246914827,0,270.3583039473,-0.0007155123067263958,0.04571917923633362,-0.0,0.4670968868911032
2019-02-26,6.171708317038465e-05,-0.0002946412183783066,2.018819748887312e-05,1,270.1648592536,-0.000429614778623133,0.04526992282264408,-0.000429614778623133,0.46646660038682275
2019-02-27,0.0003409623775150631,-0.00022219928226912546,0.0014907278497866487,1,270.04879243740004,-0.0018624641834553701,0.043323145029343646,-0.0018624641834553701,0.4637353588673687
2019-02-28,0.0003663975255971315,-0.00010165933249013758,0.0008481745243332429,1.0,269.5458362337,0.006243720396188479,0.049837363029778814,0.006243720396188479,0.47287451318215123
2019-03-01,8.46028535244521e-05,-0.00010165933249013758,0.0007116135024209067,1.0,271.2288050691,-0.0036374010413409152,0.0460186835122558,-0.0036374010413409152,0.467517077894138
2019-03-04,5.3697707234755566e-05,-0.00010165933249013758,0.0009738915497990768,1.0,270.2422371311,-0.0013600572656661258,0.04459603820172253,-0.0013600572656661258,0.465521170629859
2019-03-05,5.829650664545207e-05,0.0003649008499548899,0.000992698140602562,1.0,269.874692213,-0.006056913482683668,0.03826901037398067,-0.006056913482683668,0.4566446356923126
2019-03-06,0.00012774242986706506,0.0007201818280322546,0.0007307501536436026,1.0,268.2400845511,-0.008365485162127206,0.029583386373400744,-0.008365485162127206,0.4444590966059363
2019-03-07,0.00015745802242166356,0.0007201818280322546,0.0006163240060369776,1.0,265.9961261039,-0.001999927275603164,0.027524294476484634,-0.001999927275603164,0.44157028346014093
2019-03-08,0.00012798734009493353,0.0007201818280322546,0.0007843003761383629,1.0,265.4641531961,0.014501202361044463,0.04242463220157755,0.014501202361044463,0.46247478585826474
2019-03-11,0.0001053852845563309,0.0007201818280322546,0.0007612155175246754,1.0,269.31370260119996,0.003771009912570067,0.046355625822716906,0.003771009912570067,0.46798979277262
2019-03-12,0.00029518435448356683,0.0007449828355841389,0.0009817062214554347,1.0,270.32928724330003,0.006619199255645247,0.053281662202302904,0.006619199255645247,0.4777067097162353
2019-03-13,0.0003221944730443908,0.00067253707984029,-0.0001770598741411056,0,272.1186506602,-0.0006397952653285355,0.0526077775817686,-0.0,0.4777067097162353
2019-03-14,0.00027980452263350313,0.0004918289530038943,0.00036933389997081094,1.0,271.9445504359,0.004919263052911571,0.057785832131233894,0.004919263052911571,0.4849759377363818
2019-03-15,0.00022757869795025963,0.0002912716997003566,0.00021520949942990228,0.75,273.2823172153,0.0036258931426556007,0.0616212505263567,0.0027194198569917005,0.48901421078861707
2019-03-18,0.00027681282439569004,1.8074812644398337e-05,-0.00026068810428315863,0,274.2732096953,0.00024793681153023606,0.061884465514264964,0.0,0.48901421078861707
2019-03-19,0.0001992206796888441,-5.184662719880711e-05,7.536661974349136e-05,0,274.34121212040003,-0.0030099150139266673,0.05868828351845812,-0.0,0.48901421078861707
2019-03-20,0.00017973132187336106,-5.184662719880711e-05,0.00015041174927434464,0.75,273.5154683871,0.011294619072980128,0.07064576439782622,0.008470964304735096,0.5016275970174509
2019-03-21,0.0001821832421090918,-5.184662719880711e-05,0.00011041535580859611,0.75,276.60472141310004,-0.019246303515728425,0.05003979105839651,-0.014434727636796318,0.47995201164260703
2019-03-22,0.00012200141579475897,-4.543183518767498e-05,-0.00016423029011884132,0,271.2811029909,-0.0007520143240749011,0.04925014609467193,-0.0,0.47995201164260703
2019-03-25,0.00015601746441248998,-4.543183518767498e-05,0.000139202110782258,0.75,271.0770957156,0.007454128440345764,0.05707139144971318,0.005590596330259323,0.48822582592785624
2019-03-26,0.00019536172940530654,-0.00010153131271711268,-3.683233531538402e-05,0,273.0977392043,-0.00522908366528696,0.051543876703641356,-0.0,0.48822582592785624
2019-03-27,0.0001737073245430913,1.826714221405367e-05,0.0005890472949848233,1.0,271.6696882772,0.003790452351273288,0.055529703663559804,0.003790452351273288,0.4938668750089701
2019-03-28,0.00023780149186068916,3.5791510246606045e-05,0.0007646156457021246,1.0,272.6994392859,0.006305439777590793,0.062185282643468565,0.006305439777590793,0.503286362625077
2019-03-29,0.0002191198613045966,3.5791510246606045e-05,0.00022439466634693886,1.0,274.4189291777,0.011859246672420998,0.07478199992215262,0.011859246672420998,0.5211142064187342
2019-04-01,0.00018241410597893572,6.470185144358223e-06,5.177270560410046e-05,0,277.6733309504,0.0004898016303349628,0.07530842989796915,0.0,0.5211142064187342
2019-04-02,0.0002148975655121862,9.448740819317923e-05,0.0008847855756770941,1.0,277.8093358006,0.0015735916352130896,0.07700052624853071,0.0015735916352130896,0.5235078190101585
2019-04-03,0.0002871545898999371,0.00013708368597551966,0.0005519563238972798,1.0,278.24649424759997,0.002653445988588299,0.07985828897461245,0.002653445988588299,0.527550364721094
2019-04-04,0.0003074446429303583,0.00038717549512210935,0.0007903469997641562,1.0,278.9848062916,0.004840169928066018,0.08508498659148023,0.004840169928066018,0.5349439680600232
2019-04-05,0.00026276643951515143,0.00013708368597551966,2.832702182071746e-05,0,280.3351401614,0.0007623800119278545,0.08591223369650058,0.0,0.5349439680600232
2019-04-08,0.0002320688821302014,0.00013708368597551966,0.000396690372257,1.0,280.5488620689,-0.005124831192318102,0.08034711680913298,-0.005124831192318102,0.5270776393340486
2019-04-09,0.00018389609636194042,0.00022323153893055023,0.0007960345482755629,1.0,279.1110965096,0.0034109498450816123,0.08403212663984738,0.0034109498450816123,0.5322864245713628
2019-04-10,0.0001605954270486081,0.00021803556559370032,4.138075893040067e-05,0,280.06313046099996,-0.0002774983521466323,0.0837313095110308,-0.0,0.5322864245713628
2019-04-11,0.00020959034076698828,3.3853890375559065e-05,-0.000127990975748122,0,279.9854134038,0.006765899864818792,0.0910637270315513,0.0,0.5322864245713628
2019-04-12,0.00019267230673304786,3.3853890375559065e-05,7.069940832170202e-05,0,281.8797666745,-0.0006548111387261191,0.09034928635003103,-0.0,0.5322864245713628
2019-04-15,0.0001613725209987121,3.3853890375559065e-05,0.00010262370302333346,0.75,281.6951886635,0.0006552401973058952,0.0910637270315513,0.0004914301479794214,0.5330394363157369
2019-04-16,7.92198813742731e-05,5.5040083626051344e-05,0.00015571831608053336,1.0,281.8797666745,-0.00244692583414996,0.08839397501117396,-0.00244692583414996,0.5292882025142454
2019-04-17,6.076311086277672e-05,3.7898321754607e-05,3.6415884578813325e-05,0,281.1900277913,0.0019692520294884996,0.09053729705534774,0.0,0.5292882025142454
2019-04-18,8.193445971372148e-05,3.7898321754607e-05,7.669811785753522e-05,0,281.74376182419996,0.0008620095168303532,0.09147735058386797,0.0,0.5292882025142454
2019-04-22,0.00011046514967026772,5.2557646450257675e-05,0.00015148424263381998,1.0,281.9866276282,0.008991628483684844,0.10129150941867482,0.008991628483684844,0.5430389938757356
2019-04-23,0.00016246847174691579,7.269876308961862e-05,0.00047196720019297966,1.0,284.52214662119997,-0.002219338978349028,0.09884737024529722,-0.002219338978349028,0.5396144672915146
2019-04-24,0.00014487355669399047,8.866091044043434e-05,0.0004941983118685883,1.0,283.890695531,-0.0006159531874510016,0.0981705317050725,-0.0006159531874510016,0.5386661368529408
2019-04-25,0.00014154563135766515,6.987197347153989e-05,6.504582908554455e-05,0,283.7158321522,0.004656736860180866,0.10328442289882789,0.0,0.5386661368529408
2019-04-26,0.0001624564926239359,6.987197347153989e-05,0.00023401161389220888,1.0,285.0370221256,0.0015677720594591271,0.10501412139068522,0.0015677720594591271,0.5410784146311347
2019-04-29,0.00020392628633257608,0.0001130911802456776,0.0009182139742365721,1.0,285.4838952048,0.0005104297816711512,0.10557815350741029,0.0005104297816711512,0.5418650269498531
2019-04-30,0.00011663709349983055,0.00019174792826301445,0.0010277251205605296,-1,285.6296146871,-0.007516495476324825,0.09726808031784828,0.007516495476324825,0.553454448450025
2019-05-01,0.0001449879370324275,0.00020347477488015712,0.00017493793586810535,1.0,283.4826809804,-0.002158939035652452,0.09489914542667455,-0.002158939035652452,0.5501006350011584
2019-05-02,5.644396904985261e-05,0.00020347477488015712,0.0004968502556696032,1.0,282.8706591545,0.00978776014831495,0.10561575564870584,0.00978776014831495,0.5652726482223005
2019-05-03,5.8684117133784615e-05,0.00015837695331441038,0.00014381597076071538,1.0,285.6393293193,-0.004115226337357614,0.10106589657206277,-0.004115226337357614,0.5588311969951907
2019-05-06,9.94431847166475e-05,0.00015837695331441038,0.00010100566084121991,1.0,284.46385882830003,-0.016699678983710164,0.0826784495593984,-0.016699678983710164,0.5327992164155784
2019-05-07,9.955221063689822e-05,0.00015837695331441038,0.0002833461538584419,1.0,279.7134037034,-0.0013892265481565413,0.08117436391415356,-0.0013892265481565413,0.5306698110511403
2019-05-08,5.644469445481889e-05,0.00012141081580096765,4.8647205154764674e-05,0,279.3248184171,-0.003025771223944762,0.07790297763575538,-0.0,0.5306698110511403
2019-05-09,9.002780252971292e-05,0.00012141081580096765,0.00034158708847470485,1.0,278.47964541939996,0.005023372636779877,0.08331768595871436,0.005023372636779877,0.5383589358959195
2019-05-10,1.068724046882443e-05,7.382643299799229e-05,-0.0002776775306928201,0,279.87855245009996,-0.025130163138005868,0.05609373578028487,-0.0,0.5383589358959195
2019-05-13,-4.243958716540227e-05,7.382643299799229e-05,0.00034979691980560374,1.0,272.8451587682,0.00904365164161236,0.0656446796275707,0.00904365164161236,0.5522713182119237
2019-05-14,-0.00013106220329606115,-0.0001155151627690277,-0.00041496867345789453,0,275.3126753362,0.005857445306979514,0.0718866350551628,0.0,0.5522713182119237
2019-05-15,-0.00013839057824546993,-0.0002278216926361844,-0.0001759658545795487,1,276.9253042743,0.009261208166660317,0.08181360031346974,0.009261208166660317,0.5666472260210205
2019-05-16,-0.00020954059495065743,-0.0002278216926361844,0.0005745085093940435,1.0,279.48996716380003,-0.006465067779127365,0.07481960206306137,-0.006465067779127365,0.5565187455188128
2019-05-17,-0.00031885808334140966,-0.0002278216926361844,0.00030143097405281117,1.0,277.6830455825,-0.006612090680035765,0.06771279738954039,-0.006612090680035765,0.5462269024282669
2019-05-20,-0.00016338858986445398,-0.0002278216926361844,-0.00011368918427922326,1,275.84698010479997,0.009015671773369371,0.07733894551903053,0.009015671773369371,0.5601671766677139
2019-05-21,-6.804495631197658e-05,-0.00014582751942938596,0.0006706994744934441,1.0,278.3339259371,-0.0030714460230519824,0.07402995709933702,-0.0030714460230519824,0.5553752073976417
2019-05-22,-0.00015855870351570622,-0.00014582751942938596,0.00016967795122721112,1.0,277.4790383072,-0.012218604488409834,0.06090680984483643,-0.012218604488409834,0.5363706929073715
2019-05-23,-0.0001435679657610866,-0.00014582751942938596,-0.00046933440693355685,0,274.0886316843,0.002268377401424271,0.0633133468773055,0.0,0.5363706929073715
2019-05-24,-0.00010804863928972038,-4.676887989505276e-05,2.2151424489117737e-05,1,274.7103681424,-0.009300516302230055,0.053423983760294336,-0.009300516302230055,0.522081652231718
2019-05-28,-0.00020424136005382988,-0.0002925117956063901,-0.0005813621339933817,0,272.1554198851,-0.006710690701552391,0.046354781227681885,-0.0,0.522081652231718
2019-05-29,-7.493965095002885e-05,-0.000490856128975499,-0.0005103778510174412,1,270.3290690395,0.002731160383614206,0.04921254395337615,0.002731160383614206,0.5262387013409193
2019-05-30,-5.2557125507442945e-05,-0.000490856128975499,8.235723258509665e-05,1,271.0673810834,-0.013475253556886502,0.0350741388885385,-0.013475253556886502,0.5056722478520173
2019-05-31,-0.000124776679854202,-0.000490856128975499,-0.0004128462085807689,1,267.4146793923,-0.002542957823203018,0.03244198900945672,-0.002542957823203018,0.5018433868301624
2019-06-03,-9.943490794376829e-05,-0.000490856128975499,-0.00016429756477364052,1,266.73465514130004,0.021706668609044355,0.054852865122947625,0.021706668609044355,0.5344434035307695
2019-06-04,-5.334800357644064e-05,-0.0004626120297991051,-0.00012884819021815753,1,272.524575907,0.008662175168398845,0.06399018541752999,0.008662175168398845,0.5477350210781471
2019-06-05,-0.00012157409833635392,-0.0004626120297991051,0.00023718615887733622,1.0,274.8852315212,0.0065026858922470065,0.07090897938573382,0.0065026858922470065,0.5577994557646486
2019-06-06,-6.63592948778695e-05,-0.0002895718866772047,0.0005912422418540183,1.0,276.6727238382,0.01000702247186136,0.08162558960776489,0.01000702247186136,0.5733883899251389
2019-06-07,3.267707025028552e-05,-0.00014757287749589903,0.000665985482428855,1.0,279.44139400299997,0.004588910133644264,0.08658907223672485,0.004588910133644264,0.5806085278518245
2019-06-10,-2.149109178535657e-05,-0.00014757287749589903,0.0007010160336038067,1.0,280.7237254477,-0.0002422396788570591,0.08632585724881658,-0.0002422396788570591,0.580225641749639
2019-06-11,3.631424743996784e-05,5.316898432958933e-05,0.0004818069925076653,1.0,280.6557230226,-0.0017653167185197605,0.08440814805125485,-0.0017653167185197605,0.5774360430052248
2019-06-12,9.085752669026824e-05,0.0003138293454253809,0.0003924725319734256,1.0,280.16027678259996,0.004126356669746922,0.08888280284569405,0.004126356669746922,0.5839451067423787
2019-06-13,2.659120561003677e-06,0.0003486505789772462,0.0003068286259810669,1.0,281.3163180093,-0.0011050486910955115,0.08767953432965303,-0.0011050486910955115,0.5821947702754058
2019-06-14,3.619560538759131e-05,0.00040986392394832844,0.00042925531592323134,1.0,281.0054497803,0.00038028071620521686,0.0880931578819697,0.00038028071620521686,0.5827964484358223
2019-06-17,-1.6284141958028417e-05,0.00040986392394832844,0.0008796852484755096,1.0,281.112310734,0.010471023257623502,0.09948660664461273,0.010471023257623502,0.5993699468594778
2019-06-18,-1.0828940236386189e-05,0.00038987978631668016,0.0003892870406599348,1.0,284.05584427770003,0.002257181942622255,0.10196834795928589,0.002257181942622255,0.6029800158231018
2019-06-19,3.2494160688274174e-05,0.00038987978631668016,0.0005697094114782376,1.0,284.69701000009997,0.00955435746936395,0.11249694747561345,0.00955435746936395,0.6182954599105224
2019-06-20,1.3933829987451016e-05,0.00034705783332050083,-0.00021889688659020533,0,287.4171070041,-0.0014479821536650395,0.11088607174966203,-0.0,0.6182954599105224
2019-06-21,2.9937968299279095e-05,0.00034705783332050083,0.00047744009759114755,1.0,287.0009321625,-0.0012244897960855816,0.10952580309019089,-0.0012244897960855816,0.6163138736328102
2019-06-24,-2.293454897728063e-05,0.0003804092446300307,0.00037353144860012664,1.0,286.6495024496,-0.00980792807513875,0.09864365381597184,-0.00980792807513875,0.6004611834133706
2019-06-25,-1.4831960989022766e-05,0.0003804092446300307,0.0006455020525014895,1.0,283.8380647468,-0.0009973861604946066,0.09754788184034058,-0.0009973861604946066,0.5988649055786253
2019-06-26,-1.3920370927325438e-05,7.631728100496066e-05,-0.0006347568761484965,0,283.5549685892,0.0035459772092962805,0.10143976161545787,0.0,0.5988649055786253
2019-06-27,-6.0346009004272596e-05,7.631728100496066e-05,0.00041338144771473415,1.0,284.5604480454,0.005145797598921309,0.10710754769613517,0.005145797598921309,0.6070923407707514
2019-06-28,-5.4848318497525365e-05,7.631728100496066e-05,0.0007203486193281306,1.0,286.0247385157,0.009078498293452641,0.11715842167856305,0.009078498293452641,0.6216823258438595
2019-07-01,-6.327297240478916e-05,0.0002110134593802662,5.049547016040577e-05,0,288.6214136162,0.0026043428260646984,0.12006788519963929,0.0,0.6216823258438595
2019-07-02,-2.1114015111533293e-05,0.0002110134593802662,0.000740068921199264,1.0,289.3730827242,0.007995142192285476,0.12902298720682293,0.007995142192285476,0.6346479066296975
2019-07-03,1.0214408582927939e-05,0.00017920811837544983,0.0003099207665904939,1.0,291.6866616672,-0.0011378848731131708,0.12773828902828321,-0.0011378848731131708,0.6327878655038774
2019-07-05,5.081085353835381e-05,0.00017920811837544983,0.0008350554732619361,1.0,291.3547558272,-0.005494873684675605,0.12154150958070065,-0.005494873684675605,0.6238159024290626
2019-07-08,4.596370678454939e-05,0.000360651107152614,0.0004563248553382694,1.0,289.7537982465,0.0012465467285875942,0.12293956348044377,0.0012465467285875942,0.6258400648300642
2019-07-09,2.9610994603806622e-05,0.0003821228109643816,0.0005331411339156692,1.0,290.1149898958,0.004778088091890176,0.12830506763662197,0.004778088091890176,0.6336084718831467
2019-07-10,-3.43856638997172e-06,0.00017920811837544983,-0.0003295132296153007,0,291.5011848743,0.0023441947688640496,0.13095003447385856,0.0,0.6336084718831467
2019-07-11,9.456372435296621e-05,0.0003821228109643816,0.000489590977773234,1.0,292.184520427,0.0044769636833887905,0.13601325670592535,0.0044769636833887905,0.6409220776846438
2019-07-12,0.00014325435863513428,0.0003821228109643816,0.0005150077042067889,1.0,293.4926199138,0.0003326126722664746,0.1363911091109684,0.0003326126722664746,0.6414678691618836
2019-07-15,5.468622111437994e-05,0.0004719579165557517,0.0005542321679691778,1.0,293.5902392784,-0.0032252701579159604,0.13272594077903177,-0.0032252701579159604,0.6361736918282979
2019-07-16,9.242539696311803e-06,0.0004719579165557517,0.0007953159658733489,1.0,292.643331441,-0.006804990326258142,0.12501775170972884,-0.006804990326258142,0.6250395456833282
2019-07-17,-3.65275821925848e-05,0.0005012993409900114,0.0010701349669669236,-1,290.65189640150004,0.0036609122055411003,0.12913634292841336,-0.0036609122055411003,0.6190904185760491
2019-07-18,5.650552571322969e-05,0.0005012993409900114,0.0010301859515716484,-1,291.7159474766,-0.00555499782482749,0.12286399299951234,0.00555499782482749,0.6280844623294382
2019-07-19,4.301619261208459e-06,0.0005336199360879833,0.0005585984335752508,1.0,290.0954660229,0.002456506376572465,0.12562231555833936,0.002456506376572465,0.6320838621927489
2019-07-22,-4.558872501898621e-05,0.0005554153007722143,0.0008769652077702083,1.0,290.808087385,0.007150050352441539,0.13367057179241337,0.007150050352441539,0.6437533439868344
2019-07-23,-1.1239761089338173e-08,0.000673787128299715,0.0007909758230241793,1.0,292.8873798527,0.0046995300469834245,0.1389982907079328,0.0046995300469834245,0.65147821221673
2019-07-24,-4.233811262727384e-05,0.000792145894448764,0.0009985549097493085,1.0,294.26381289470004,-0.004777070063667788,0.13355721607082316,-0.004777070063667788,0.6435889850883498
2019-07-25,-9.729447968150311e-06,0.000822420796619933,0.0008558657702156868,1.0,292.8580940433,0.006700000000033901,0.1411520494185361,0.006700000000033901,0.6546010312884976
2019-07-26,-9.05234322995049e-05,0.000822420796619933,0.0010122823718581213,-1,294.8202432734,-0.0018211317504480684,0.13907386118925102,0.0018211317504480684,0.6576142777609009
2019-07-29,-7.82074601295381e-05,0.000673787128299715,0.0005084700191861901,1.0,294.2833367677,-0.0024547203611131607,0.13627775338937798,-0.0024547203611131607,0.6535452982424093
2019-07-30,-0.00015125924179087755,0.000822420796619933,0.0009063910017120102,1.0,293.560953469,-0.010940409683398822,0.12384640925316615,-0.010940409683398822,0.6354548352495795
2019-07-31,-0.00021545901635609048,0.0006487229211051847,0.00033613267726071664,1.0,290.349276371,-0.008707931277808001,0.11406003195457837,-0.008707931277808001,0.6212134069362674
2019-08-01,-0.00011127506867666807,0.0006037111773723643,0.0007009523355585387,1.0,287.8209348258,-0.007529507529435264,0.10567170855573349,-0.007529507529435264,0.6090064683819194
2019-08-02,-5.5982014405184924e-05,0.00042130134822345334,-0.0003307088107008766,0,285.65378492990004,-0.030073132390345148,0.0724206968840777,-0.0,0.6090064683819194
2019-08-05,-0.00011987884310481859,0.00042130134822345334,0.0009307867376827475,1.0,277.0632808379,0.01402297230636318,0.08745922261725392,0.01402297230636318,0.6315695215287982
2019-08-06,-4.421618687314382e-05,0.00042130134822345334,0.000642544876564893,1.0,280.9485315522,0.0005906879779122853,0.08810157170652366,0.0005906879779122853,0.6325332700302932
2019-08-07,-7.987963966465238e-05,2.4324091738971393e-05,-0.0002854844937827738,0,281.1144844722,0.01962009931596187,0.1094502326092599,0.0,0.6325332700302932
2019-08-08,-5.015483683593767e-05,2.4324091738971393e-05,0.0010513630624203183,-1,286.62997857669995,-0.006811525100391735,0.10189318450220641,0.006811525100391735,0.6436533113763292
2019-08-09,-0.00013723791057858951,0.0001775301913910596,0.0010714347256402092,-1,284.6775912831,-0.012173376311708894,0.08847942411195375,0.012173376311708894,0.6636621216616996
2019-08-12,-0.00011032158487184008,0.0001775301913910596,0.0010921896880941293,-1,281.2121038369,0.015551775610044505,0.10540721187189339,-0.015551775610044505,0.6377892216546863
2019-08-13,-5.195839803809236e-05,0.0003465561709563076,5.256746534772214e-05,0,285.5854513746,-0.029567595282800174,0.07272297880857681,-0.0,0.6377892216546863
2019-08-14,-4.80404206550027e-05,-0.00011745851421752585,-0.00035026967791900116,0,277.1413763297,0.002641775272953062,0.07555687184872184,0.0,0.6377892216546863
2019-08-15,-3.020524194893934e-05,-0.0002806903381674772,-0.0002738961825521805,1,277.8735215648,0.014754962234297953,0.09142667287368944,0.014754962234297953,0.6619547397679415
2019-08-16,-8.127535905603306e-05,-0.00011166435860222919,0.00021541619408155997,1.0,281.9735348814,0.01204777566209847,0.10457593658010222,0.01204777566209847,0.681977597633227
2019-08-19,-6.929000787575144e-05,-0.00011166435860222919,0.0007904478399775383,1.0,285.3706887723,-0.007662573119570637,0.0961120426999389,-0.007662573119570637,0.6690893213058826
2019-08-20,4.112471745447559e-05,-0.00011166435860222919,0.0009044066893942731,1.0,283.1840150034,0.008135406253323652,0.1050293594664633,0.008135406253323652,0.6826680410077903
2019-08-21,-5.6352264087270734e-05,-0.00011166435860222919,0.0009223852746756205,1.0,285.4878320099,-0.0003077449136148491,0.10468929230169244,-0.0003077449136148491,0.682150208476868
2019-08-22,-0.00010351531359470504,-3.0239994235310285e-05,0.001063517154256847,-1,285.3999745817,-0.02568750855127122,0.076312576659195,0.02568750855127122,0.7253604563416405
2019-08-23,-0.00011453309788712329,-3.0239994235310285e-05,-0.0003806058444488215,0,278.0687602941,0.011058451816909232,0.0882149274281141,0.0,0.7253604563416405
2019-08-26,-7.289468413711977e-05,0.00016466125950321902,0.00011590632492487807,1.0,281.1437702816,-0.003923611111123271,0.08394519524756694,-0.003923611111123271,0.7185908128844456
2019-08-27,-9.746812309373687e-05,0.00037271470195801993,0.0006315230789911617,1.0,280.0406714607,0.007041517063626657,0.09157781383593888,0.007041517063626657,0.7306922994187635
2019-08-28,-0.00012809825497240134,0.00037271470195801993,0.0006890994262867717,1.0,282.0125826273,0.012773027795928371,0.10552056759348405,0.012773027795928371,0.7527984802654386
2019-08-29,-0.00010074322229619207,0.00037271470195801993,0.0008795188212827765,1.0,285.61473718400003,-0.00044432292027807296,0.10502935946646352,-0.00044432292027807296,0.7520196717260281
2019-08-30,-6.891061781882868e-05,0.00037271470195801993,0.0011297150045677044,-1,285.4878320099,-0.005847153359384127,0.09856808333504108,0.005847153359384127,0.7622639994352678
2019-09-03,-0.00017370750414501677,0.00037271470195801993,0.0014133427628847937,-1,283.8185408739,0.01135034738914853,0.11103721271152489,-0.01135034738914853,0.7422616908502873
2019-09-04,-8.663737348823049e-05,0.0006334137570660815,0.0006373044351410012,1.0,287.03997990830004,0.012855393824159345,0.12532003363422795,0.012855393824159345,0.7646591510309135
2019-09-05,-9.114463540113562e-05,0.0006622019307138865,0.0007161545085348545,1.0,290.7299918933,0.0007722785572890078,0.12618909416629132,0.0007722785572890078,0.7660219594541786
2019-09-06,-0.00014693886937535222,0.000701626967410813,0.0010251784936906431,-1,290.954516432,0.000503271263480265,0.12675587277463007,-0.000503271263480265,0.7651331713513103
2019-09-09,-3.7193161265116164e-05,0.0006757294718379278,0.0005489338798519401,1.0,291.1009454791,-0.0002347417841173094,0.1264913760907902,-0.0002347417841173094,0.7647188208414626
2019-09-10,-0.00011099845684809387,0.000666690101745127,0.000698075768349253,1.0,291.0326119238,0.00711099184905728,0.1345018470842052,0.00711099184905728,0.7772677219923443
2019-09-11,-0.00011420204840908649,0.000666690101745127,0.0009710970590849493,1.0,293.102142455,0.0034637801832373416,0.13843151209998172,0.0034637801832373416,0.7834237867080887
2019-09-12,-9.00442073550527e-05,0.0006040376632124229,0.0005727708912838445,1.0,294.1173838477,-0.0006638122736773999,0.13767580728950857,-0.0006638122736773999,0.7822399281093035
2019-09-13,-4.7303398945423115e-05,0.0005598523855678923,0.00040132747088480764,1.0,293.9221451184,-0.003088777442183943,0.13416177991943434,-0.003088777442183943,0.7767349856228001
2019-09-16,-0.0001170808400274078,0.0005555938621562782,0.0005642538444606163,1.0,293.0142850268,0.002531982942511446,0.13703345820023882,0.002531982942511446,0.7812336482997604
2019-09-17,-8.333706775954077e-05,0.00047413067536837387,-8.467658683059563e-05,0,293.7561921984,0.0005981656253266632,0.13771359252978055,0.0,0.7812336482997604
2019-09-18,-8.604523748049896e-05,0.0004817906576727119,0.0010589732161185644,-1,293.9319070548,-6.642311512083943e-05,0.13763802204884934,6.642311512083943e-05,0.7813519633874386
2019-09-19,-5.082944045235727e-05,0.0004029748990887716,0.0004066223272927356,1.0,293.9123831819,-0.00470433439629625,0.13228619237119044,-0.00470433439629625,0.7729718880741652
2019-09-20,-0.00011009822122751598,0.0004029748990887716,0.00047452057622303985,1.0,292.5297210482,-0.00023467882529670803,0.13202046877766516,-0.00023467882529670803,0.7725558091141878
2019-09-23,-0.00023987327107723714,0.0004029748990887716,0.0007655499945765487,1.0,292.4610705169,-0.007846819355286971,0.12313770865267948,-0.007846819355286971,0.7586468838829041
2019-09-24,-8.065336744606838e-05,0.00015997287023106996,-0.00017594493192034488,0,290.16618132810004,0.00591475986052048,0.1297807984896553,0.0,0.7586468838829041
2019-09-25,-0.00014569438027789278,0.00015997287023106996,0.0008093451181544273,1.0,291.8824446103,-0.0020831933335759834,0.12742724666183958,-0.0020831933335759834,0.7549832824182852
2019-09-26,-0.00022449763117847465,0.00011433869768619534,-0.00027623695593824817,0,291.2743970475,-0.005387205387447969,0.12135356452466728,-0.0,0.7549832824182852
2019-09-27,-0.0001536674201353887,0.00011433869768619534,0.0008731635935033673,1.0,289.7052420465,0.004637779282517407,0.12655415485459676,0.004637779282517407,0.763122507526649
2019-09-30,-0.00015275414013545755,0.00014828782215134747,0.0005576120411686559,1.0,291.0488310161,-0.011894733295144233,0.11315409364006479,-0.011894733295144233,0.7421506355329537
2019-10-01,-0.00020069946204911111,-3.6684788131126865e-06,0.0001706079742941195,1.0,287.58688279529997,-0.01766471149908444,0.09349054772188814,-0.01766471149908444,0.7113760471683175
2019-10-02,-0.00027610608308952867,-0.00022709094392929654,-0.0006367934114014975,0,282.5067434798,0.008192737624209911,0.10244922887392716,0.0,0.7113760471683175
2019-10-03,-0.00012753580702772377,-0.00020414035797128869,-0.00013004376000432918,1,284.82124710619996,0.013532125886531743,0.11736771062255902,0.013532125886531743,0.7345346032777942
2019-10-04,-8.32440176374798e-05,-0.0003755866587912207,-0.00047293636164419313,0,288.6754840772,-0.004314591472779461,0.11254672542634792,-0.0,0.7345346032777942
2019-10-07,-9.326920031211655e-05,-0.0003248078246378783,-0.00017467928763156346,1,287.4299672952,-0.015524771393502945,0.09527469184951354,-0.015524771393502945,0.707606350087786
2019-10-08,-0.00012737253758657457,-0.0003248078246378783,0.00020817198251199114,1.0,282.9676827613,0.009496412851381475,0.10567587250898614,0.009496412851381475,0.7238224849758603
2019-10-09,-9.193954508495741e-05,-0.00045096203842378483,-0.0004269877152033765,1,285.65486070040004,0.006763484052617841,0.11315409364006501,0.006763484052617841,0.7354815308625386
2019-10-10,-4.017044361255658e-05,-0.00045096203842378483,0.0005823300896942182,1.0,287.58688279529997,0.010366934933962568,0.12469408970030571,0.010366934933962568,0.7534731549720843
2019-10-11,-4.8657181205571454e-05,-0.00030183350141747,-0.00015120817778273272,1,290.5682772971,-0.001113811259819908,0.12344139275934451,-0.001113811259819908,0.7515201168282846
2019-10-14,-9.447181976313519e-05,-0.00030183350141747,0.0006196467088537672,1.0,290.2446390781,0.009900321000336554,0.1345638231727273,0.009900321000336554,0.7688607282234317
2019-10-15,-0.0001811692524773276,-0.0001639437327071481,0.000925557618343908,1.0,293.11815417360003,-0.0016059957174171524,0.13274171853157557,-0.0016059957174171524,0.7660199454691974
2019-10-16,-0.00023302976329475503,2.7481902364629216e-05,0.0008621696524934653,1.0,292.6474076733,0.002949061662160579,0.13608224370682698,0.002949061662160579,0.7712280471849915
2019-10-17,-0.0002358690396454118,-0.00021504487858824974,-0.0002768815793937667,1,293.5104429238,-0.004377171879139996,0.13110941645728325,-0.004377171879139996,0.7634750775853092
2019-10-18,-0.00024004792216503643,0.00021456095595574274,0.0008020389943604969,1.0,292.2256972668,0.006779205960423473,0.13877744015522153,0.006779205960423473,0.7754300383423338
2019-10-21,-0.00023695578981899703,2.044184232200574e-05,0.0001940918624267442,1.0,294.2067554555,-0.0032667755592897807,0.13505730984625197,-0.0032667755592897807,0.7696301068858482
2019-10-22,-0.00030934194775174804,0.00035027534782575056,0.0005084588332247569,1.0,293.2456480174,0.002909601685373797,0.13835987450797638,0.002909601685373797,0.7747790256273315
2019-10-23,-0.00014081627652990449,8.419274248004687e-05,-2.370637746665045e-05,1,294.0988760491,0.00163398692832728,0.14021993966265467,0.00163398692832728,0.7776789913558759
2019-10-24,-0.000138838812507877,-8.132970463391612e-05,-0.0001369530318011818,1,294.5794297682,0.004094949561988193,0.14488908280514656,0.004094949561988193,0.7849584971628842
2019-10-25,-0.00013097408727609947,-0.00016691671903875066,-0.00019488040627631956,1,295.7857176751,0.005636604774579945,0.15134237007565043,0.005636604774579945,0.7950196027504195
2019-10-28,-4.871014182516422e-05,-8.132970463391612e-05,0.0002596699318962854,1.0,297.4529448636,-0.0002967359050368712,0.15100072545545884,-0.0002967359050368712,0.7944869559840384
2019-10-29,-2.2408942562758346e-05,-8.132970463391612e-05,0.0009184917017048097,1.0,297.3646798948,0.0030671811616047595,0.1545310531975692,0.0030671811616047595,0.7999909725701781
