,q1signal,q1signalRolling,lastsignal,position,Adj_Close,rtnSPY,cRtn-SPY,rtnPort,cRtn-Port
2017-12-11,-0.00020055975523690622,9999.0,-0.00014574080773450897,0,257.605037249102,0.0017648605009199514,0.0017648605009199514,0.0,0.0
2017-12-12,-0.00023371771227547527,9999.0,-0.0008142871319799928,0,258.05967420418096,-0.00011245220780975451,0.0016522098306503974,-0.0,0.0
2017-12-13,-0.0002665102481759691,9999.0,-0.00017324056219463968,0,258.03065482407004,-0.004086223055295268,-0.0024407645225470453,-0.0,0.0
2017-12-14,-0.0002732894139507188,9999.0,0.0012819288652208439,0,256.976284013355,0.008286268162311705,0.00582527881040984,0.0,0.0
2017-12-15,-0.00034719785736862915,9999.0,-0.00017771584006221622,0,259.105658414044,0.006341225469964407,0.012203443686736426,0.0,0.0
2017-12-18,-0.00032254951244037935,9999.0,-0.00044819224790179656,0,260.748705814591,-0.003840417598805157,0.008316159768030795,-0.0,0.0
2017-12-19,-0.0002276865933437716,-0.0004946380603365833,-0.0005390838727713701,0,259.747321895915,-0.0005240109293735973,0.007787791080048345,-0.0,0.0
2017-12-20,-0.00016921924320756123,-0.0004946380603365833,0.0013534121734240037,0,259.611211460366,0.00205969366738068,0.009863525211399438,0.0,0.0
2017-12-21,-0.0003335638804316816,-0.0004946380603365833,-0.0006552880188708963,0,260.145931028592,-0.0002616040062818348,0.009599340867406214,-0.0,0.0
2017-12-22,-0.0003917016952610683,-0.0004946380603365833,0.0001229342698655455,1.0,260.077875810817,-0.001196216963850083,0.008391641009168671,-0.001196216963850083,-0.001196216963850083
2017-12-26,-0.0002963187109011014,-0.0004946380603365833,0.00012798372511579813,1.0,259.76676624385,0.0004865451551347988,0.008882269076580185,0.0004865451551347988,-0.0007102538222835131
2017-12-27,-0.0003807554742316242,-0.0004946380603365833,0.001568235297495045,0,259.89315450543097,0.002057459224898084,0.010958003207927947,0.0,-0.0007102538222835131
2017-12-28,-0.00030098330030866775,-0.00031231848268998896,-8.355309260860774e-05,0,260.427874073656,-0.003770485683353919,0.007146200530360414,-0.0,-0.0007102538222835131
2017-12-29,-0.00020503455684446042,1.869058862846887e-05,0.001027151224306062,-1,259.445934502915,0.007157310949561735,0.014354659059225838,-0.007157310949561735,-0.007862481264386045
2018-01-02,-0.00026887739773345126,-0.00037042055573975206,-0.0009641874521991365,0,261.302869730752,0.006325110689435087,0.020770564556119586,0.0,-0.007862481264386045
2018-01-03,-0.00023074775044528564,-0.0005248702724038721,-0.0009872145114639976,0,262.955639305266,0.004214885199839147,0.025072995301098633,0.0,-0.007862481264386045
2018-01-04,-6.477294965830792e-05,-0.0005801537208368855,-0.00019411998947463472,0,264.063967137588,0.00666396671698144,0.03190404762426158,0.0,-0.007862481264386045
2018-01-05,3.534129415683647e-05,-0.0005801537208368855,0.00017053440052571686,1.0,265.823680625747,0.0018286884646345758,0.033791078652761763,0.0018286884646345758,-0.006048170828543031
2018-01-08,-2.3869310283382627e-05,-0.0008842666325083707,-0.000802345812817605,0,266.309789324134,0.002263434579441448,0.03613099712810253,0.0,-0.006048170828543031
2018-01-09,-9.910986508747158e-05,-0.0008842666325083707,-0.00010374196556634874,0,266.912564110134,-0.0015298317185117316,0.034545891064162726,-0.0,-0.006048170828543031
2018-01-10,-0.00013803916671124554,-0.0008842666325083707,0.0007220847351660199,1.0,266.504232803489,0.007296074711803158,0.04209401517815592,0.007296074711803158,0.0012037759770253675
2018-01-11,-3.7316958634373136e-05,-0.0004992329011461198,0.00023332700445939937,1.0,268.448667597035,0.006518904823989757,0.0488873268807517,0.006518904823989757,0.007730528102038781
2018-01-12,-4.292254881732398e-05,-0.00039877705518207094,-0.0006014341208895071,0,270.19865891122697,-0.0034182498560715313,0.045301967926606235,-0.0,0.007730528102038781
2018-01-16,2.469245863062157e-05,-0.00035358804322792797,0.000809606946030388,1.0,269.27505238429296,0.00953171823663057,0.05526549175707807,0.00953171823663057,0.01733593155435842
2018-01-17,4.305780048178586e-05,-0.00035358804322792797,7.03579061029302e-05,0,271.841706311774,-0.0016809126998302837,0.05349168259029091,-0.0,0.01733593155435842
2018-01-18,-6.146652080328506e-06,-1.769202973170926e-05,0.0003917322201928998,1.0,271.384764135291,0.0045496883284372736,0.0582847414026777,0.0045496883284372736,0.021964492968251204
2018-01-19,7.884680110607354e-06,0.0001508424552811648,0.0007226716175779947,1.0,272.619480229193,0.008130951107306883,0.0668896028926318,0.008130951107306883,0.030274036293979734
2018-01-22,3.141206533302901e-05,2.622859287868188e-05,-1.5900720345566444e-05,0,274.836135893836,0.002122466305847448,0.06915404012683046,0.0,0.030274036293979734
2018-01-23,2.085214309635605e-05,-8.125549529597355e-05,-0.00014461027024638065,0,275.41946633189997,-0.0003882946803624998,0.06873889330056104,-0.0,0.030274036293979734
2018-01-24,4.254704989326536e-05,2.622859287868188e-05,0.0004764814417042234,1.0,275.312522418255,0.00042375874002109626,0.06919178074739762,0.00042375874002109626,0.030710623921476055
2018-01-25,9.966273668663914e-05,2.622859287868188e-05,0.0013801183587249949,-0.75,275.429188505867,0.01157783268620105,0.08157070429435231,-0.008683374514650788,0.021760577557736527
2018-01-26,2.8534065806380117e-06,-8.125549529597355e-05,-0.0005376574969083862,0,278.61806156728403,-0.006629911368552621,0.07439998638605783,-0.0,0.021760577557736527
2018-01-29,4.438022768277758e-05,-8.125549529597355e-05,0.00075746287035694,1.0,276.770848513415,-0.010257130813545179,0.06337972517962487,-0.010257130813545179,0.011280245653603416
2018-01-30,5.547460545551049e-05,-8.125549529597355e-05,0.0008110952419138676,1.0,273.931973714837,0.0004968767745590075,0.06390809386760354,0.0004968767745590075,0.011782727320239106
2018-01-31,4.2902420986265844e-05,0.00016493558572892134,0.0005170388995023032,1.0,274.068084150385,-0.0011351543100410755,0.06270039400936223,-0.0011351543100410755,0.010634197796496325
2018-02-01,0.000103897445838936,0.0004957601706032633,0.0017085521449037128,-1,273.756974583417,-0.021770012074720624,0.039565393599968024,0.021770012074720624,0.03263571648565167
2018-02-02,0.00010503074447916856,0.0006362508849296216,0.0014049126366556086,-1,267.797281941197,-0.04182247231802494,-0.003911801296643369,0.04182247231802494,0.07582309515297658
2018-02-05,4.682493545433417e-06,0.0006362508849296216,0.001974562288324664,-1,256.597337530369,0.0197021937634978,0.015713321399743574,-0.0197021937634978,0.05462702007702669
2018-02-06,-8.344082241048295e-05,0.0007832790561354038,0.0009462248332735081,1.0,261.65286799358995,-0.005424887600787631,0.010203190796527206,-0.005424887600787631,0.048905787032355263
2018-02-07,-0.00010419750540979314,0.0008776600375936879,0.0012353560523773554,-1,260.233430594301,-0.037508872865839815,-0.027688392255725502,0.037508872865839815,0.08824906084639572
2018-02-08,-6.906214823095688e-05,0.001089790442825432,0.001458329410279687,-1,250.47236793069803,0.015021542522219544,-0.013082772095147188,-0.015021542522219544,0.07190188130412611
2018-02-09,-5.884657859948287e-05,0.0011301488922094585,0.0010269417320415614,0,254.23484925621003,0.014684512428296825,0.0014096262037219809,0.0,0.07190188130412611
2018-02-12,2.7814246575467765e-05,0.000985583282657535,0.00040934975458181277,1.0,257.968164059819,0.002487374689080557,0.0039005071613427145,0.002487374689080557,0.07456810291285976
2018-02-13,-1.2496666712149363e-05,0.0006767872939276604,0.0003508849363219811,1.0,258.60982754169,0.013496240601503562,0.017449389945963567,0.013496240601503562,0.08907073257247289
2018-02-14,-4.706173443854328e-05,0.0003791173454518969,-0.00022906935629005647,0,262.10008799610597,0.012760117215030231,0.03043216342203503,0.0,0.08907073257247289
2018-02-15,-2.5759287232820487e-05,0.00021442845429980677,7.997197227763248e-05,0,265.444515841006,0.0002930080943490676,0.030734088386595415,0.0,0.08907073257247289
2018-02-16,-1.3372029768256292e-05,0.00021442845429980677,0.0006203517140020679,1.0,265.522293232748,-0.006261213430488466,0.024280442269126956,-0.006261213430488466,0.08225182827493827
2018-02-20,-1.9817830354732655e-06,0.00021442845429980677,0.0007828927535695595,1.0,263.859801484265,-0.004974207811345166,0.019185458492183782,-0.004974207811345166,0.0768684827768904
2018-02-21,3.4234416176410755e-05,0.00021442845429980677,0.0010805072052645283,-1,262.547307998622,0.0012960562858703728,0.02050638021213036,-0.0012960562858703728,0.0754728006107317
2018-02-22,3.200391413718509e-05,0.00021442845429980677,0.0011678210611377978,-1,262.887584087492,0.015939349112426893,0.03677258767779046,-0.015939349112426893,0.05833046418087773
2018-02-23,2.2189145134879128e-05,0.00019717608281980402,0.0003163801933619756,1.0,267.077841067585,0.01161224564085872,0.048811845639613605,0.01161224564085872,0.0706200575001501
2018-02-26,0.0001299851386869837,0.00019717608281980402,-0.00034464290711685004,0,270.179214563292,-0.01248650593738676,0.03571585030183311,-0.0,0.0706200575001501
2018-02-27,0.00011514280096148574,0.00046736595368202167,0.001539616788520787,-1,266.805620196489,-0.010130087818388311,0.025223957783378825,0.010130087818388311,0.08146553270275447
2018-02-28,5.4336610457413646e-05,0.0005486364734657675,0.0011754649734771498,-1,264.102855833459,-0.014540769372356266,0.010316412658236462,0.014540769372356266,0.09719087359793765
2018-03-01,7.284187617952977e-05,0.0006974436993132519,0.0016753287494381507,-1,260.262597116204,0.005155024280910858,0.015524618296892445,-0.005155024280910858,0.09153482800374646
2018-03-02,0.00012698182173443524,0.0005866413814467346,0.0008589025695314936,1.0,261.604257123751,0.01155790099598697,0.02726195129415543,0.01155790099598697,0.10415067947948553
2018-03-05,1.0678050084626384e-05,0.00035867574076411566,0.00040297128816625585,1.0,264.627853227716,0.002534993938059449,0.029866054113485196,0.002534993938059449,0.10694969475867033
2018-03-06,0.00018452491081107905,0.00045610533158271517,0.0005112393749991745,1.0,265.29868323149,-0.00036646144825425164,0.029488647907786936,-0.00036646144825425164,0.10654404037038456
2018-03-07,0.00015310932878001617,0.000684070972265334,0.0010763161245178892,-1,265.201461491813,0.004839064447537567,0.034470409823021075,-0.004839064447537567,0.10118940244499375
2018-03-08,0.00011549998252707382,0.00045610533158271517,0.00040025156502232587,1.0,266.48478845555303,0.017402407880337423,0.05247268583490117,0.017402407880337423,0.12035274957984665
2018-03-09,0.0002342915649991493,0.00040061142659429086,-3.218685278416715e-05,0,271.122265438162,-0.0012550650840906785,0.05115176411495059,-0.0,0.12035274957984665
2018-03-12,0.00019477396557085195,0.00040061142659429086,0.0005567845006958772,1.0,270.781989349291,-0.006462731581215464,0.04435845241235459,-0.006462731581215464,0.11311221048303532
2018-03-13,0.00012833106557056577,0.00040061142659429086,0.000873488508869738,1.0,269.031998035099,-0.005131540907776677,0.03899928429141819,-0.005131540907776677,0.10740022963999585
2018-03-14,0.00020548499513979972,0.00045474547001075015,0.0013341026850799316,-1,267.65144933168096,-0.0010897203051216664,0.03786706567431897,0.0010897203051216664,0.10860698615613096
2018-03-15,0.00031481597944979734,0.0004775180328591015,0.001668285870420586,-1,267.359784112649,0.0010792000000023894,0.038987131811597076,-0.0010792000000023894,0.10741057749666871
2018-03-16,0.00021464744160167788,0.0004775180328591015,0.0014580140656558318,-1,267.648318791664,-0.01353026987600403,0.024929355520490803,0.01353026987600403,0.12239414147374017
2018-03-19,0.0001991180652961442,0.0007141365047828075,0.002018677280354049,-1,264.026964806554,0.001700617398056048,0.026672368214267328,-0.001700617398056048,0.12048537846927365
2018-03-20,0.00016449414005931574,0.0011027955969748347,0.0017852836248018762,-1,264.47597365646,-0.0019191732792041005,0.024702006038693325,0.0019191732792041005,0.12263578406737086
2018-03-21,8.623886728008166e-05,0.0013950583753678818,0.0014789755945311294,-1,263.968398434827,-0.024997226639056125,-0.0009127022437513954,0.024997226639056125,0.1506985651948174
2018-03-22,4.8355553846687656e-05,0.0014674948300934807,0.001786477284909208,-1,257.369920553603,-0.0213145219403037,-0.02220777037205568,0.0213145219403037,0.17522515500933822
2018-03-26,0.00026315670095653214,0.0014674948300934807,0.0013987098882560932,0,258.775513475047,-0.017011806419974462,-0.038841782501441435,-0.0,0.17522515500933822
2018-03-27,0.00022002362503653527,0.0014273619769559626,0.0013483460701024445,0,254.37327453357997,-0.0029547198772085226,-0.04168173579182677,-0.0,0.17522515500933822
2018-03-28,0.00014985961259749009,0.0014378427413936114,0.0017415430159013238,-1,253.62167276308497,0.012777585344262876,-0.029436742383941006,-0.012777585344262876,0.16020861529248176
2018-03-29,0.00027965174840138975,0.001372527979179269,0.0005562929546170383,1.0,256.86234533197,-0.021584647539422575,-0.050386008214297395,-0.021584647539422575,0.13516592125919202
2018-04-02,0.0002939431289085614,0.001372527979179269,0.001883927148483826,-1,251.31806214182998,0.012817027226472044,-0.038214779826941214,-0.012817027226472044,0.12061646873984966
2018-04-03,0.00031148924337921015,0.0012289178091538194,0.001111489548205194,0,254.539212586806,0.010699083483528993,-0.027924559463085363,0.0,0.12061646873984966
2018-04-04,0.00028821272920441466,0.0009148810359252903,0.0007202725236453866,1.0,257.262548872104,0.007891941113975953,-0.020252997328025768,0.007891941113975953,0.1294603079224963
2018-04-05,0.00022321413406353762,0.0006487794698848792,0.000579286416124372,1.0,259.292849758634,-0.022285800331274253,-0.0420874434047378,-0.022285800331274253,0.10428938101803609
2018-04-06,0.00019118360234505802,0.0006487794698848792,0.0019055340828782567,-1,253.514301081586,0.004928384413985798,-0.03736648209085247,-0.004928384413985798,0.09884701844409682
2018-04-09,0.00016471080747036375,0.0006487794698848792,0.0008668538764577737,1.0,254.76371701175898,0.015900383141760566,-0.022060240330996184,0.015900383141760566,0.11631910705153925
2018-04-10,8.920086398894845e-05,0.0006487794698848792,0.00025158490138371215,1.0,258.814557722865,-0.00524231567037603,-0.02718690925779277,-0.00524231567037603,0.11046700990350278
2018-04-11,0.00014065349424175256,0.0006487794698848792,0.001106614054397479,-1,257.457770111193,0.008227176220807708,-0.019183404530348058,-0.008227176220807708,0.10133100212563328
2018-04-12,0.00017600075634464406,0.0004816128026253977,0.00038593918912642347,1.0,259.575920555314,-0.0029331026961983975,-0.022060240330996184,-0.0029331026961983975,0.0981006851938917
2018-04-13,0.0001289531913747718,0.0004816128026253977,0.000582979153340117,1.0,258.814557722865,0.008221761267206196,-0.014019853093288681,0.008221761267206196,0.10712900687491134
2018-04-16,0.0001323292870674035,0.00033213490689808526,0.00028033062466974716,1.0,260.94246922893996,0.010698387760448513,-0.0034714551575767416,0.010698387760448513,0.11897350229129944
2018-04-17,0.00021976084507263562,0.0002649577630267296,0.00015260704603781063,0.75,263.73413294792005,0.000740219845291934,-0.00273380495228448,0.0005551648839689505,0.11959471708586333
2018-04-18,0.0001073719622717961,0.0002649577630267296,0.00044449399485544446,1.0,263.929354187009,-0.005547542438699371,-0.008266181491991875,-0.005547542438699371,0.11338371787868584
2018-04-19,0.00013578287399752055,0.00033213490689808526,0.001162779271784541,-1,262.46519489383803,-0.008479303804530103,-0.01667539383234795,0.008479303804530103,0.12282443667359644
2018-04-20,0.00018569824299754928,0.00033213490689808526,0.0014476011126351592,-1,260.239672768218,-0.00015003188177520332,-0.016822923873407114,0.00015003188177520332,0.1229928961367337
2018-04-23,0.00012734395777614936,0.00036141230976259576,0.00164708292496354,-1,260.2006285204,-0.013467381925948207,-0.030063745058441005,0.013467381925948207,0.13811667036913367
2018-04-24,0.00018367647871551086,0.00036141230976259576,0.0016356868371174126,-1,256.696407278744,0.002471670849495178,-0.027666381891233383,-0.002471670849495178,0.1353036205716578
2018-04-25,0.0001542895943646935,0.0008026366333199927,0.0012198040782794718,-1,257.330876305785,0.010165762621856755,-0.017781869140288564,-0.010165762621856755,0.12376239346119178
2018-04-26,0.00012492536162090332,0.001070562093676709,0.0009803449155688768,1.0,259.946840909584,0.000938755585596418,-0.016859806383669906,0.000938755585596418,0.12481733168493658
2018-04-27,0.00010257427785208148,0.001070562093676709,0.000607508558922326,1.0,260.190867458446,-0.007690576230491852,-0.024420720987936795,-0.007690576230491852,0.11616683825023522
2018-04-30,0.00017198034474267813,0.001076021607326357,0.001173698299083837,-1,258.18984975777903,0.0017768704396798896,-0.02268724300549607,-0.0017768704396798896,0.11418355438959749
2018-05-01,0.00018156260979828058,0.0010322776320143348,0.0010862103484597927,-1,258.648619669639,-0.006717488112309211,-0.029252329832614832,0.006717488112309211,0.12166806917114026
2018-05-02,7.549558704917734e-05,0.0010322776320143348,0.0015449760273235538,-1,256.911150641743,-0.002203647416415655,-0.031391515427970695,0.002203647416415655,0.12413983011384522
2018-05-03,5.5187589189585614e-05,0.0010322776320143348,0.0017036408252451168,-1,256.34500904838296,0.012946462569492168,-0.018851461937966385,-0.012946462569492168,0.10958619588040097
2018-05-04,0.00015145622838832868,0.0007929267372456014,7.826036188594154e-05,0,259.663770112904,0.0033832042703572096,-0.015532036014140216,0.0,0.10958619588040097
2018-05-07,0.00017445789404044613,0.00035812141316747667,0.00011073426741262723,0.75,260.542265688807,0.0,-0.015532036014140216,0.0,0.10958619588040097
2018-05-08,0.00022268772969147888,0.00041316812349918885,0.0007176019795857504,1.0,260.542265688807,0.009665817473399674,-0.006016348365843527,0.009665817473399674,0.12031125352078487
2018-05-09,9.699572799206038e-05,9.349731464928439e-05,-9.25160706930956e-05,0,263.060619673061,0.00935064935064811,0.0032780442208641958,0.0,0.12031125352078487
2018-05-10,-1.1955901152184251e-05,-8.127854403577035e-06,-0.0002094312539785847,0,265.520407285588,0.003051246231897231,0.006339292572838273,0.0,0.12031125352078487
2018-05-11,6.51775402130544e-06,-0.00015197366233584016,-0.000265582847241855,0,266.33057542781,0.00047645226314751987,0.006818765206278776,0.0,0.12031125352078487
2018-05-14,1.4797344355005222e-05,-0.00015197366233584016,0.0004795950789593324,1.0,266.457469233218,-0.006886951425012611,-0.00011514672348800215,-0.006886951425012611,0.11259572433689224
2018-05-15,4.192563683206111e-05,-0.00015197366233584016,0.0012097020249355302,0,264.622389585777,0.0042050903725563415,0.004089459446690036,0.0,0.11259572433689224
2018-05-16,2.535990419372652e-05,-0.00015197366233584016,0.0001532562760643899,1.0,265.735150648587,-0.0008448427857776775,0.0032411617106011814,-0.0008448427857776775,0.1116557558656992
2018-05-17,-2.1596168207801283e-05,-0.00015197366233584016,0.0013088454209036352,0,265.510646223634,-0.0024999080916137117,0.0007331510126009633,-0.0,0.1116557558656992
2018-05-18,-1.4949485582520796e-05,-2.90874889570974e-05,0.0014391192760441862,0,264.84689401072995,0.00751851988353458,0.008257183106601396,0.0,0.1116557558656992
2018-05-21,-7.309610183338648e-05,-5.716328558873256e-05,-0.0002822838171149561,0,266.838150649442,-0.002780114862640626,0.00545411232648263,-0.0,0.1116557558656992
2018-05-22,4.443345786580014e-05,0.0003154256775118611,0.0005941908310364739,1.0,266.09630994090196,0.002751183008695701,0.008220300596338381,0.002751183008695701,0.11471412429275563
2018-05-23,1.5081341216223357e-05,4.101012624546718e-05,-6.923602357345556e-05,0,266.828389587488,-0.002048580626282215,0.006154880021512321,-0.0,0.11471412429275563
2018-05-24,3.214318448450609e-05,4.101012624546718e-05,0.0007471116981408261,1.0,266.281770118037,-0.002382697947211132,0.0037575168543086956,-0.002382697947211132,0.11205809723707594
2018-05-25,-9.233156157219285e-05,0.00026147740373150914,0.0015275298973167876,-1,265.647301090997,-0.011501010472169115,-0.00778670885855115,0.011501010472169115,0.12484788905906008
2018-05-29,1.281373443886328e-05,0.00026147740373150914,0.001640213348813852,-1,262.592088699246,0.013344732733625575,0.005454112326482408,-0.013344732733625575,0.10983709461358404
2018-05-30,0.00025241057538692593,0.00011439785163139676,0.0003000317268362491,1.0,266.09630994090196,-0.006125967499357565,-0.0007052668877249868,-0.006125967499357565,0.10303826864239984
2018-05-31,0.0002370684689948868,0.00044611127893636143,0.0013313532191869145,-1,264.466212594505,0.009817671809256634,0.009105480842690028,-0.009817671809256634,0.09220900092781803
2018-06-01,0.000252522751509117,0.00015216263634203658,6.2935458478241046e-06,0,267.06265507439497,0.004751461988305783,0.01390020717710505,0.0,0.09220900092781803
2018-06-04,0.00024754611672458656,0.00015216263634203658,-7.813480241258692e-05,0,268.331593128477,0.0007275372862840523,0.014637857382397534,0.0,0.09220900092781803
2018-06-05,0.00019546571355723752,0.00015216263634203658,0.0005526214420520432,1.0,268.526814367566,0.008360596146856247,0.023120834743283192,0.008360596146856247,0.10134051929253696
2018-06-06,0.000174808372800029,-3.692062828238141e-05,-8.330433191869414e-05,0,270.771858617095,-0.00010814708002726547,0.023010187212490596,-0.0,0.10134051929253696
2018-06-07,0.00025253337373416036,-3.692062828238141e-05,0.000568324907399846,1.0,270.742575431232,0.0029563399069838514,0.026034553054197884,0.0029563399069838514,0.10459645622089986
2018-06-08,0.00021667299971773297,-3.692062828238141e-05,0.00026206507154866187,1.0,271.54298251149896,0.0013300262410564923,0.0273992059339907,0.0013300262410564923,0.10606559849345176
2018-06-11,0.00018492116011079057,-3.692062828238141e-05,0.0004511360458548741,1.0,271.904141803814,0.001292360712234153,0.02872697630352028,0.001292360712234153,0.10749503421809847
2018-06-12,0.00022991785220821963,9.096513456803747e-05,0.0006634045475220706,1.0,272.255540034175,-0.003190879105119171,0.02544443288996101,-0.003190879105119171,0.10396115145438878
2018-06-13,0.00015597120259482574,0.000355600558701768,0.0008295805015792088,1.0,271.386805520227,0.0025177139157639417,0.02802620860849081,0.0025177139157639417,0.10674060980786826
2018-06-14,0.00022523798216793933,8.838036981498386e-05,-8.714832581634381e-05,0,272.07007985704,-0.0012700462813461932,0.026720567745121215,-0.0,0.10674060980786826
2018-06-15,0.0002753096318590245,0.000355600558701768,0.0009763805286056899,1.0,271.724538263852,-0.0020567964493192203,0.024608812526940138,-0.0020567964493192203,0.10446426965129807
2018-06-18,0.00024085754256426072,0.000355600558701768,0.001214715104443607,-1,271.165656198358,-0.003832803008389729,0.02068168878786425,0.003832803008389729,0.10869746362667643
2018-06-19,0.0002619752099347813,0.0005562702966884723,0.0017246286093902995,-1,270.126331655509,0.0017059891107087388,0.022422960634436162,-0.0017059891107087388,0.10680603782665887
2018-06-20,0.00041850215123919127,0.0007454925245506396,0.0013135961585881112,-1,270.587164235829,-0.006268797333045861,0.016013598305566257,0.006268797333045861,0.11374438056478553
2018-06-21,0.00030156000271443613,0.0009019805150924493,0.0015415076616689628,-1,268.890908142311,0.0018232205367558763,0.017866015163620297,-0.0018232205367558763,0.11171377893744339
2018-06-22,0.00024452599876305305,0.0010183703962031707,0.0010623602638006517,-1,269.381155568183,-0.013612870350148798,0.004009937065375446,0.013612870350148798,0.12684739447659288
2018-06-25,0.00033953242713886646,0.0011375376841221295,0.0016828106023347325,-1,265.71410482266003,0.0022140221402233706,0.006232837295042426,-0.0022140221402233706,0.1243525293965686
2018-06-26,0.000400490918557531,0.0011375376841221295,0.0007585719394476332,1.0,266.30240173370703,-0.008284241531666847,-0.002103038566204085,-0.008284241531666847,0.11503812147630699
2018-06-27,0.00045122628023293836,0.0011869782111943814,0.0016880905292666472,-1,264.096288317282,0.005717467978466839,0.0036024053566030556,-0.005717467978466839,0.10866292672199629
2018-06-28,0.00042428097293535107,0.0009094661016241425,0.0004656800456587758,1.0,265.606250388968,0.001439698770721476,0.005047290505888036,0.001439698770721476,0.11025906737474234
2018-06-29,0.00045150263795160317,0.0006379228350186811,0.0005192737305897291,1.0,265.98864338114896,0.0021380123857248634,0.007196094061228786,0.0021380123857248634,0.11263281501215294
2018-07-02,0.0004067968857265427,0.0004914768881242524,0.00027595206970875455,0.75,266.55733039516,-0.003531229309202022,0.0036394536937660593,-0.0026484219819015165,0.10968609380708982
2018-07-03,0.0003620641567008744,0.0003698160576837651,0.00026967539574950227,0.75,265.616055337486,0.008157991878920079,0.011827136206363553,0.006118493909190059,0.11647570141316144
2018-07-05,0.00040730492525401397,0.0002718137327291284,0.00022250024887213795,0.75,267.78294895984,0.008458130423639076,0.02038530209057421,0.006343597817729307,0.12355817423619375
2018-07-06,0.00043592923611941015,0.0002450878223108201,-0.00018888413856647487,0,270.047892067369,0.009004429598433727,0.029573289706525285,0.0,0.12355817423619375
2018-07-09,0.00039171408116072195,0.00020494283314235364,0.00018938541741256933,0.75,272.479519299695,0.0035984166966529507,0.033278123422633143,0.002698812522489713,0.1265904471065682
2018-07-10,0.0004671995834127206,3.113847281217721e-05,-0.00012510847178821494,0,273.460014151439,-0.007314449623520791,0.025720262641772296,-0.0,0.1265904471065682
2018-07-11,0.0005446972139821901,3.113847281217721e-05,0.0008503194752535302,1.0,271.459804653881,0.009065953911725266,0.03501939526920528,0.009065953911725266,0.1368040641774264
2018-07-12,0.0005399097028381596,3.113847281217721e-05,0.0002134550620225527,0.75,273.920846731759,0.0007874861295031899,0.035834458686746506,0.0005906145971273924,0.1374754772518032
2018-07-13,0.00050132502719526,3.113847281217721e-05,0.00028095955358739137,0.75,274.136555599142,-0.0008941664580276454,0.0349082502577196,-0.000670624843520734,0.13671265793786258
2018-07-16,0.0005455415382550542,3.113847281217721e-05,0.0008660902407037172,1.0,273.891431886206,0.004045249516718252,0.0390947123569223,0.004045249516718252,0.14131094426803315
2018-07-17,0.0004022113739123377,0.00020042023971756102,0.00021424161483427886,0.75,274.99939106867697,0.002103611794487703,0.041280564249426055,0.0015777088458657773,0.14311160064068829
2018-07-18,0.000484469418461981,0.0002128483384284158,0.00042009960357215764,0.75,275.577883031206,-0.003771436703907338,0.03735344051035039,-0.0028285775279305037,0.1398782208551994
2018-07-19,0.0004658725897668488,0.0002466005842108351,0.0006271965413412001,1.0,274.538558488357,-0.001142857142856779,0.036167893721196,-0.001142857142856779,0.13857550288850806
2018-07-20,0.00042031280342637626,0.0002466005842108351,0.0008595551170371998,1.0,274.224800135799,0.0018592677345539155,0.03809440725357249,0.0018592677345539155,0.14069241958438217
2018-07-23,0.0003734307669779234,0.0003495295785797745,0.0006586906952251304,1.0,274.734657458706,0.005032119914345934,0.04331822279328423,0.005032119914345934,0.14643252062511625
2018-07-24,0.00035332862139469105,0.0004080718884023275,0.0003980441732324973,1.0,276.117155199665,0.008522424629807679,0.052209823711944825,0.008522424629807679,0.15620290537530424
2018-07-25,0.00035526219915749216,0.0004080718884023275,0.00042945174375732414,1.0,278.47034284385103,-0.0023590718636649077,0.04972758512215414,-0.0023590718636649077,0.15347533963254567
2018-07-26,0.0003559484906311159,0.0004237756736647409,0.00043371349661244617,1.0,277.813411293183,-0.006776311145620939,0.04261430438722513,-0.006776311145620939,0.1456590318323947
2018-07-27,0.0003836672623773455,0.0004305826201848851,0.0008945213598184986,1.0,275.930861177834,-0.0052235093454626735,0.03716819882454536,-0.0052235093454626735,0.13967467117290444
2018-07-30,0.00035087069728842137,0.0004305826201848851,0.0011032249058087246,-1,274.48953374577,0.004929451687801567,0.0422808693527752,-0.004929451687801567,0.13405669994154645
2018-07-31,0.00034377766830108366,0.0004305826201848851,0.0010469597379721776,-1,275.84261664117696,-0.0016706359080091993,0.040539597506203506,0.0016706359080091993,0.13595129578618725
2018-08-01,0.0004440497987704121,0.0004305826201848851,0.0007461558837865071,1.0,275.381784060857,0.005447553941467342,0.04620799309185131,0.005447553941467342,0.1421394517448622
2018-08-02,0.00044504310266858127,0.0005798936306181147,0.0007280737646237833,1.0,276.881941184026,0.0042848542795408395,0.05069084188834072,0.0042848542795408395,0.14703335286250363
2018-08-03,0.0004436403799854414,0.0007181779074250444,0.0007102820502263053,1.0,278.068339954636,0.003667136812412375,0.05454386895309393,0.003667136812412375,0.1512396810958505
2018-08-06,0.000412604640392591,0.0007181779074250444,0.0005410172873324193,1.0,279.08805460045,0.0033024170882536286,0.05802641264623776,0.0033024170882536286,0.15504155469137704
2018-08-07,0.0004005755113354874,0.0006246496687793623,0.0004287967307271724,1.0,280.00971976108997,-0.0004201974928240704,0.05758183260030214,-0.0004201974928240704,0.154556209125988
2018-08-08,0.000410827855945623,0.0005666318008234212,0.0005942463143144231,1.0,279.89206037888,-0.0013662159321790046,0.05613694745102049,-0.0013662159321790046,0.15297883603848383
2018-08-09,0.0003357328343242234,0.0005666318008234212,0.00066557202571108,1.0,279.50966738669996,-0.006700108745219202,0.04906071505325471,-0.006700108745219202,0.14525375245608974
2018-08-10,0.00031872198135910823,0.0005666318008234212,0.0011376163177625523,-1,277.636922219869,-0.0037434665913271825,0.045133591314179045,0.0037434665913271825,0.1495409716170013
2018-08-13,0.0003072803730120727,0.0005666318008234212,0.0011440812412840894,-1,276.59759767702,0.006380716058137503,0.05180229200317643,-0.006380716058137503,0.14220607707991761
2018-08-14,0.00014150942637398796,0.0005666318008234212,0.0008454801038838187,1.0,278.36248841016004,-0.007467418104968204,0.043948044525024876,-0.007467418104968204,0.13367674674032637
2018-08-15,2.7041901711326088e-05,0.0006289091700127515,0.0009441283411247244,1.0,276.283839324462,0.008091418837392395,0.052395065397753626,0.008091418837392395,0.14284980012441473
2018-08-16,-4.380931827471764e-05,0.0007545260647974492,0.0009759457822703029,1.0,278.51936758643905,0.0035203830176715467,0.05609989911386126,0.0035203830176715467,0.14687306915252196
2018-08-17,8.83562188533595e-06,0.0008938042225042715,0.0012252574264637508,-1,279.49986243818296,0.002139900371852077,0.058359847680687915,-0.002139900371852077,0.14441887504537543
2018-08-20,4.208571128204125e-05,0.0009056267585292093,0.0008691251759336942,1.0,280.097964297747,0.0023453635313452903,0.06084208627047838,0.0023453635313452903,0.14710295333949008
2018-08-21,-0.00018301898979496034,0.0008563026399087564,0.0005939513546972599,1.0,280.754895848415,-0.0005936997974418379,0.06021226453874173,-0.0005936997974418379,0.14642191854844744
2018-08-22,-0.00011641774099868646,0.0007891702272247062,0.0007348603505655939,1.0,280.588211723619,-0.0013278820281658055,0.05880442772661976,-0.0013278820281658055,0.14489960548611158
2018-08-23,-9.359734317482915e-05,0.000800992763249644,0.0010700573138626539,-1,280.215623679956,0.006018405122642845,0.06517674171832666,-0.006018405122642845,0.1380091358355422
2018-08-24,-3.3563277430625074e-05,0.000757614092759758,0.000782367834953922,1.0,281.902074824956,0.00789537755208447,0.07358671425389196,0.00789537755208447,0.14699414762068508
2018-08-27,-9.216160267987793e-05,0.0006634058526314268,0.0002941051691097731,1.0,284.127798138415,0.00048312512940773544,0.07410539097414626,0.00048312512940773544,0.14754828931668418
2018-08-28,1.39806822145992e-05,0.0005335999826173395,0.0004752486105374193,1.0,284.265067417659,0.005380794701987268,0.07988493157127596,0.005380794701987268,0.15372301107211395
2018-08-29,-3.41030211844088e-05,0.0004468607096924384,0.0004204728088474575,1.0,285.79463938637997,-0.004048305201042712,0.07551322778626823,-0.004048305201042712,0.1490523882058281
2018-08-30,8.174607958185007e-06,0.0004468607096924384,0.0010327438962474342,-1,284.63765546132197,3.4447123663516876e-05,0.07555027612342746,-3.4447123663516876e-05,0.14901280665611583
2018-08-31,1.8393945593354182e-05,0.0004468607096924384,0.0013435304411955453,-1,284.64746040983897,-0.0017222968550854034,0.07369785926537387,0.0017222968550854034,0.15099174779947244
2018-09-04,-1.40046694040207e-05,0.0004468607096924384,0.0012396254376589976,-1,284.15721298396704,-0.002691418515577859,0.07080808896681079,0.002691418515577859,0.15408954830077715
2018-09-05,-1.458724742608442e-05,0.0004468607096924384,0.0012158510221501242,-1,283.392426999607,-0.0030100681590131684,0.067584883633798,0.0030100681590131684,0.15756343650276738
2018-09-06,-7.436758609665156e-05,0.0007529962533924267,0.0012827005645340691,-1,282.53939647859,-0.0019433647973358115,0.06551017675277615,0.0019433647973358115,0.15981300453594982
2018-09-07,4.0723859501086226e-05,0.0007256083525474459,0.0003173973636890612,1.0,281.990319361613,0.00173852573018074,0.06736259361083019,0.00173852573018074,0.1618293692865338
2018-09-10,8.508940135006615e-06,0.0006740706299682476,-0.0002540541829440391,0,282.48056678748503,0.0032974661575844166,0.07088218564113347,0.0,0.1618293692865338
2018-09-11,-1.3910833695434818e-05,4.211338083893925e-05,-0.00023117060201118274,0,283.412036896642,0.00024217263449211046,0.07114152400126095,0.0,0.1618293692865338
2018-09-12,-5.544039130470622e-06,-0.00023489158680381825,-0.0002366125715964538,0,283.480671536264,0.005914499169893173,0.07747678965580462,0.0,0.1618293692865338
2018-09-13,-4.892998560904618e-05,-0.00024633337727024646,-0.0004483625877343758,0,285.15731773274604,0.0001719217412259333,0.07766203134161276,0.0,0.1618293692865338
2018-09-14,8.962910559032085e-06,-0.00034585369005310637,-0.00043565319716217356,0,285.206342475334,-0.005294279427942916,0.07195658741880573,-0.0,0.1618293692865338
2018-09-17,2.1344419644043176e-05,-0.00034585369005310637,0.0005774573482451343,1.0,283.696380403648,0.005426142254785882,0.07777317635309489,0.005426142254785882,0.16813362072007076
2018-09-18,2.9090544637008718e-05,-0.00034585369005310637,-0.00021011497739706328,0,285.235757320886,0.001065621669933181,0.07892167480508938,0.0,0.16813362072007076
2018-09-19,1.2888709971054167e-05,-0.0003371328843793137,0.0006216083039661894,1.0,285.539710724927,0.008103839022044701,0.08766508237510462,0.008103839022044701,0.1775999875386245
2018-09-20,-6.27056676130151e-05,-0.0004430078924482747,-0.0005072376064699926,0,287.853678575043,-0.0009094624974463894,0.08667589177290247,-0.0,0.1775999875386245
2018-09-21,-1.3994827459834801e-05,-0.0004430078924482747,-0.00018656003769271424,0,287.591886449627,-0.003322031576424078,0.08306592014709402,-0.0,0.1775999875386245
2018-09-24,-6.420617546681873e-05,-0.0003238840872796184,0.00019861331201158399,1.0,286.636497121718,-0.0009277712871960109,0.08206108268424095,-0.0009277712871960109,0.17650744408238372
2018-09-25,0.0001556774634081968,-0.00019933750754488877,0.0005300097001630247,1.0,286.370564009826,-0.0029922613929503905,0.07882327308171089,-0.0029922613929503905,0.17298702627893725
2018-09-26,0.00013612886637629369,-0.00019933750754488877,0.00035405155662606786,1.0,285.513668427062,0.0027942596936678665,0.08183778547027387,0.0027942596936678665,0.17626465664766378
2018-09-27,0.0001189781187980635,5.026637159434875e-06,0.0005998296265071236,1.0,286.31146776273897,0.00010320272455000001,0.08194943407725552,0.00010320272455000001,0.17638605036502164
2018-09-28,0.0001828399732378829,5.026637159434875e-06,0.0007378187634758973,1.0,286.341015886282,0.0034741331865710823,0.08570827051237506,0.0034741331865710823,0.180472972182814
2018-10-01,0.00017928156328423744,0.0002753324343188259,0.0007781888283847995,1.0,287.335802712249,-0.0005827306070683713,0.08507559507280016,-0.0005827306070683713,0.17978507445110603
2018-10-02,0.00018785199252279824,0.0004410306283945463,0.0008571804907989036,1.0,287.16836334550203,0.0005487721223780273,0.08567105431004896,0.0005487721223780273,0.18043250761036256
2018-10-03,0.00013596158068771664,0.0005639196633350741,0.0012442403650431014,-1,287.325953337735,-0.007815713698067328,0.07718576017928269,0.007815713698067328,0.1896584301297366
2018-10-04,-1.168539286187829e-05,0.0006678241949915104,0.0009515515015507953,1.0,285.080295948423,-0.00559701492537279,0.07115673540216028,-0.00559701492537279,0.1829998941402049
2018-10-05,0.00010325974118089552,0.0007570037959303483,0.0011952424096025509,-1,283.48469727707,0.0,0.07115673540216028,-0.0,0.1829998941402049
2018-10-08,3.245507518358077e-05,0.0008166846595918515,0.0010520253937607155,-1,283.48469727707,-0.0014592453616840695,0.06959365490438807,0.0014592453616840695,0.18472618124860163
2018-10-09,7.527710782836221e-06,0.0009033659961748494,0.0011786777448288053,-1,283.07102354746,-0.03166318719554606,0.03572691078598211,0.03166318719554606,0.22223838810094065
2018-10-10,-1.821616155975627e-05,0.0010007884476557554,0.0017409281111424096,-1,274.10809273924195,-0.022026590010779334,0.012913378758968364,0.022026590010779334,0.24916013197107567
2018-10-11,-4.180670753616041e-05,0.0011143515692947606,0.0013354262165671865,-1,268.070426161838,0.01388837858691061,0.02698110323891978,-0.01388837858691061,0.23181132314258623
2018-10-12,-8.270763141517897e-06,0.0011143515692947606,0.001509799430594094,-1,271.79348972832804,-0.0056169595941278905,0.021212591878093878,0.0056169595941278905,0.23873035757226746
2018-10-15,-6.990349622455577e-05,0.0011143515692947606,0.0008326809355088738,1.0,270.266836678577,0.02186588921282695,0.043542313274844036,0.02186588921282695,0.2658162983355081
2018-10-16,-1.7164285508875542e-06,0.0009413531646347948,0.00035941577924846217,1.0,276.17646138729197,0.0001783166904436584,0.04372839428648523,0.0001783166904436584,0.26604201450853693
2018-10-17,5.949623175484684e-05,0.000710225833281579,0.0005897707310542842,1.0,276.225708259865,-0.014441076840792322,0.028655832343677412,-0.014441076840792322,0.24775900449334753
2018-10-18,-2.217038727039715e-05,0.000710225833281579,0.0008855293198906823,1.0,272.236711581482,-0.0005426917510857887,0.028097589308758275,-0.0005426917510857887,0.24708185597426602
2018-10-19,-1.018516147287536e-05,0.0006265606279706116,0.000665350524886939,1.0,272.088970963764,-0.004488687782804868,0.023482780220096977,-0.004488687782804868,0.24148409488319666
2018-10-22,-1.4614202528312727e-06,0.0006265606279706116,0.0009349969644647817,1.0,270.867648523963,-0.005090723973675271,0.01827251189418666,-0.005090723973675271,0.23516404203843821
2018-10-23,4.6544129049321814e-05,0.0006265606279706116,0.0015864103342194248,-1,269.488736091929,-0.030298600197359304,-0.012579719835656089,0.030298600197359304,0.2725877835263151
2018-10-24,2.0630281261063204e-05,0.0006265606279706116,0.0014959056925512018,-1,261.323604619388,0.017940600030152076,0.005135192472433214,-0.017940600030152076,0.24975679509881177
2018-10-25,6.654986796175678e-05,0.0007744399223888107,0.0017170895999680145,-1,266.011906888302,-0.01758738151658923,-0.01254250363332976,0.01758738151658923,0.27173674465716435
2018-10-26,-4.83223531776315e-05,0.000909263142177732,0.0016325739449953834,-1,261.333453993902,-0.005540270606414044,-0.01801328537553326,0.005540270606414044,0.2787825103626851
2018-10-29,-6.076526803406092e-06,0.0009709740715059681,0.0010089511785471544,-1,259.88559594026697,0.01481846433715095,-0.0034617502653145893,-0.01481846433715095,0.25983291733790326
2018-10-30,-1.4099359396099358e-05,0.0009941073053129478,0.0009812634320787409,1.0,263.736701375447,0.010680808156252386,0.007182083600469014,0.010680808156252386,0.2732889510369212
2018-10-31,0.00012555622604079483,0.0009941073053129478,0.0007837931487781433,1.0,266.553622486601,0.010641835716659775,0.017900349870908272,0.010641835716659775,0.2868390828736942
2018-11-01,0.00013765609092125812,0.0008815282904284421,0.0007362918476620947,1.0,269.39024234678396,-0.005923000987166471,0.011871325093785856,-0.005923000987166471,0.27921713371550894
2018-11-02,0.00018821838324834062,0.0008149550121820884,0.0008481168755860335,1.0,267.79464367543096,0.005516936996580402,0.01745375544297456,0.005516936996580402,0.28627449404716354
2018-11-05,0.0002655515020247036,0.0008149550121820884,0.0014655726647402347,-1,269.27204985261,0.006327956399283519,0.023892158445705025,-0.006327956399283519,0.2781350051313227
2018-11-06,0.00027604128658551176,0.0007590424982201189,0.0007159349627296349,1.0,270.975991643623,0.021408839779003763,0.045812501616847356,0.021408839779003763,0.3054983926721153
2018-11-07,0.00027136119334108307,0.0007251134051958648,1.544370774315889e-05,0,276.777273232678,-0.0018148820326687742,0.043914475298122646,-0.0,0.3054983926721153
2018-11-08,0.0002545394049773066,0.000517831088769292,0.00032172721480894906,1.0,276.27495513243696,-0.00976827094474153,0.033717235860272865,-0.00976827094474153,0.29274593065456944
2018-11-09,0.00020533422581961422,0.000517831088769292,0.0011878847201848173,-1,273.576226515457,-0.01868519585253192,0.014402026852085692,0.01868519585253192,0.3169011415564138
2018-11-12,0.00021782586031083299,0.000517831088769292,0.0014398636123632105,-1,268.46440114241904,-0.0018710789888845003,0.012504000533360982,0.0018710789888845003,0.31936516761281797
2018-11-13,-9.060144755751463e-05,0.000517831088769292,0.0014875166859156747,-1,267.962083042178,-0.006836727192531922,0.005581786900367147,0.006836727192531922,0.3283853073311158
2018-11-14,-2.906218588018315e-05,0.000517831088769292,0.0012786073343274674,-1,266.13009938247603,0.010436713545521226,0.01607675595683955,-0.010436713545521226,0.31452133040042174
2018-11-15,-3.0356168331470902e-05,0.0007217316301907524,0.0011237360455725557,-1,268.907622995572,0.002600542084831625,0.01871910632212459,-0.002600542084831625,0.3111028623593066
2018-11-16,-2.642342917872004e-05,0.001075637930796308,0.0010295398160200604,0,269.606928586104,-0.01691447777006816,0.0014880046442953265,-0.0,0.3111028623593066
2018-11-19,-1.8263621385629943e-05,0.0011548103828786867,0.0014444356370582766,-1,265.046668185878,-0.01850613154960734,-0.017045664115005743,0.01850613154960734,0.33536630440519466
2018-11-20,1.703789982958579e-05,0.0011863441705392557,0.0012509522955059553,-1,260.141679677645,0.0034075420263504075,-0.013696205905494252,-0.0034075420263504075,0.33081598760236175
2018-11-21,7.318313423479083e-07,0.001075637930796308,0.0006162985339516624,1.0,261.028123383952,-0.006678741227077234,-0.020283473717535916,-0.006678741227077234,0.3219278120003084
2018-11-23,0.00013977185427670844,0.001075637930796308,0.0011695149091315291,-1,259.284784094881,0.01614434947768184,-0.004466587728171323,-0.01614434947768184,0.30058614741910805
2018-11-26,0.00011337276394839143,0.0008219191749858615,0.00034530437699474857,1.0,263.470768263554,0.003364485981310894,-0.001117129518656168,0.003364485981310894,0.3049619512795867
2018-11-27,0.0002385279880205412,0.0006170787113406913,0.0006198588887297202,1.0,264.35721196986196,0.02302533532041462,0.02188248351999511,0.02302533532041462,0.33500913778818164
2018-11-28,0.00021969453234374652,0.000604448127768462,0.0005945977215852616,1.0,270.444125419838,-0.0021851555102317954,0.019649511380322116,-0.0021851555102317954,0.33209193521453395
2018-11-29,0.0002476161599752724,0.000604448127768462,0.0006327529249809829,1.0,269.853162948967,0.006095335425944537,0.025864617169085724,0.006095335425944537,0.34021148237786214
2018-11-30,0.000263467892242185,0.000604448127768462,0.0009464779044926464,1.0,271.498008492893,0.013241429348809008,0.0394485310187731,0.013241429348809008,0.3579577980342312
2018-12-03,0.00027626258328565246,0.0006062283051574909,0.0008789709644906646,1.0,275.093030190694,-0.0324024346580718,0.005767867912008562,-0.0324024346580718,0.31395665921500804
2018-12-04,0.00025360537323271547,0.0006062283051574909,0.0008693948888367618,1.0,266.17934625504904,-0.0015171137835356951,0.004242003616562018,-0.0015171137835356951,0.31196323745634436
2018-12-06,0.0002527096659065848,0.0006253059068553515,0.0012456990936037559,-1,265.775521899953,-0.023235991698782765,-0.01909255524304143,0.023235991698782765,0.3424480043509881
2018-12-07,0.00024872225032359697,0.0006126753232831222,0.0005527424466643008,1.0,259.599964079346,0.0018970292521900411,-0.01723174512664649,0.0018970292521900411,0.34499466748478613
2018-12-10,0.0002452733251410557,0.0007500739069088723,0.0009235870450841668,1.0,260.092432805072,0.0002272124815383414,-0.017008447912679636,0.0002272124815383414,0.34530026706084116
2018-12-11,0.00028466766186933576,0.000787458181043154,0.0007075214732495462,1.0,260.151529052159,0.005035399235225668,-0.012058693003065835,0.005035399235225668,0.3520743909967483
2018-12-12,0.00024188650146376786,0.0006291319599569234,0.0004086046504166756,1.0,261.461495862591,-0.00033903412943681044,-0.012393638824018227,-0.00033903412943681044,0.3516159916326629
2018-12-13,0.00033325690875369933,0.0006291319599569234,0.001056595984594707,-1,261.37285149196,-0.018464785017144214,-0.030629577964696786,0.018464785017144214,0.3765732903438943
2018-12-14,0.00033841437063148854,0.0006291319599569234,0.0014956646166384288,-1,256.54665797984296,-0.019618382155332625,-0.04964705735426145,0.019618382155332625,0.40357943121868445
2018-12-17,0.0002775913454180847,0.0006291319599569234,0.0011820522130740509,-1,251.513627602921,-0.0010964912280712058,-0.05068911101944418,0.0010964912280712058,0.4051184437529167
2018-12-18,0.0003453617361621131,0.0008145542591668565,0.0014244872822804103,-1,251.23784511651402,-0.014975693899954234,-0.06490570030871046,0.014975693899954234,0.42616106745974025
2018-12-19,0.00041239147715047247,0.0008810587289221266,0.0012869946856138212,-1,247.475384051965,-0.016277959086205995,-0.0801271270608297,0.016277959086205995,0.44937605896618993
2018-12-20,0.00039555288191664407,0.0008750184925522854,0.0006954410005098638,1.0,243.446989875524,-0.020368976817575102,-0.09886399628484388,-0.020368976817575102,0.41985375162115934
2018-12-21,0.0004021593216120965,0.0010979329136319353,0.0011412698426691635,-1,238.488223782441,-0.026422933111756253,-0.12267465263560473,0.026422933111756253,0.4573704523287214
2018-12-24,0.0004624543565436654,0.0011606610278716073,0.00144779460446074,-1,232.186665397496,0.050524878381837945,-0.07834789615871496,-0.050524878381837945,0.3837369874675287
2018-12-26,0.0003256772758262038,0.0011606610278716073,0.0012170944448774898,-1,243.91786842858897,0.007677309285889056,-0.07127208790353512,-0.007677309285889056,0.37311361064441617
2018-12-27,0.0003813941906652166,0.0011781821437733269,0.0015330044976652492,-1,245.79050134487002,-0.0012899584794618946,-0.07247010834885692,0.0012899584794618946,0.3748848701897314
2018-12-28,0.0004240763265841755,0.0009173554215895136,0.000687886735381375,1.0,245.473441803489,0.008758829465185913,-0.06434603220402224,0.008758829465185913,0.38692725230198755
2018-12-31,0.0004654131796641912,0.0007027446551259802,0.0007120483097420966,1.0,247.62350181847802,0.0010403329065300504,-0.06337264059219871,0.0010403329065300504,0.3883701183615207
2019-01-02,0.0003278728499170455,0.00092565907620563,0.001587464287784005,-1,247.88111269585,-0.023862818770483907,-0.08572320952522394,0.023862818770483907,0.42150054288233685
2019-01-03,0.000361733075404375,0.0009635713773097933,0.0015339402783741344,-1,241.965970626963,0.03349576184431391,-0.055098811891697186,-0.03349576184431391,0.37388629923638717
2019-01-04,0.00027441209638793407,0.0006989675225617358,0.00032010786170543924,1.0,250.070805153512,0.007884623004079216,-0.047648622247356665,0.007884623004079216,0.3847188747563357
2019-01-07,0.0002667257947366876,0.000502997298543407,0.00029421336841434535,1.0,252.042519176474,0.00939539271955514,-0.0387009070463612,0.00939539271955514,0.397728852390852
2019-01-08,0.0001887020534643429,0.000345058371069525,0.00037200888043361084,1.0,254.41055762616298,0.004673443159246338,-0.03420833037640736,0.004673443159246338,0.4042610587345392
2019-01-09,0.0002908220811940497,0.000345058371069525,0.00037316233147570367,1.0,255.59953090634102,0.0035275419622438076,-0.030801459735024572,0.0035275419622438076,0.4092146485451702
2019-01-10,0.0002662696293040485,0.000345058371069525,0.0005734854365953033,1.0,256.501168977143,0.00038627935723312135,-0.03042707834585978,0.00038627935723312135,0.40975899907381375
2019-01-11,0.00028479497589990684,0.000345058371069525,0.0012575832999688315,-1,256.600250083825,-0.006100857209050403,-0.036342304294633476,0.006100857209050403,0.4183597374263368
2019-01-14,0.0003059737519413768,0.000345058371069525,0.0013052464667264506,-1,255.034768598257,0.011460761460761137,-0.02529805331432755,-0.011460761460761137,0.40210425481014567
2019-01-15,0.0003239252996617774,0.00037158560595465723,0.000668840748324044,1.0,257.95766124536203,0.0024198194737825585,-0.022939450562603825,0.0024198194737825585,0.4054970939902087
2019-01-16,0.00025714374249481426,0.00037158560595465723,0.00011411980948587882,0.75,258.581872217455,0.007586788259639654,-0.015526699057175075,0.0056900911947297406,0.41349450062894055
2019-01-17,0.0002883059350839726,0.00047232388403550346,0.0006006233503962732,1.0,260.54367812975,0.013310009126861422,-0.0024233504364746805,0.013310009126861422,0.4323081253330803
2019-01-18,0.00030576785513689443,0.0003968124418175686,0.00022213944703983402,0.75,264.011516863603,-0.0135104706147261,-0.015901080446339644,-0.010132852961044575,0.41779475770417074
2019-01-22,0.00030220469563370345,0.0004103813987180536,0.001022856855658205,-1,260.444597023068,0.002092368561213531,-0.0138419828059414,-0.002092368561213531,0.4148282085268973
2019-01-23,0.00031573610754670055,0.0004103813987180536,0.0012017141456032682,-1,260.989543109817,0.0005314908317823885,-0.01331784886111409,-0.0005314908317823885,0.41407624030551804
2019-01-24,0.0003071381673567889,0.0004103813987180536,0.0007245330405372959,1.0,261.128256659171,0.008461392525137112,-0.004969143882781357,0.008461392525137112,0.4260412944352132
2019-01-25,0.0003163028166097886,0.00016712962826285642,-0.00010843610822325424,0,263.337765338169,-0.007600270900745332,-0.012531647943872737,-0.0,0.4260412944352132
2019-01-28,0.0002918840575244653,0.0004103813987180536,0.0006735917540598725,1.0,261.336326983202,-0.0013269639065803807,-0.013841982805941622,-0.0013269639065803807,0.4241489891082044
2019-01-29,0.00034732279801641603,0.0003433012127624014,0.0004664629784849689,1.0,260.989543109817,0.015830834060966525,0.001769721122149237,0.015830834060966525,0.44669445543286956
2019-01-30,0.00032123686639788326,0.00017801343513085732,-0.00012961589807605842,0,265.121225258436,0.008782420210778241,0.010567683767478186,0.0,0.44669445543286956
2019-01-31,0.00016647586550855284,-9.032605275099545e-05,-7.021599727873667e-05,0,267.449631265452,0.0004816063423849215,0.01105437957338995,0.0,0.44669445543286956
2019-02-01,0.00010299203793745165,-0.00012002600314965634,-0.00028469438616907257,0,267.57843670413797,0.007035473598459463,0.018167625967485446,0.0,0.44669445543286956
2019-02-04,0.00010374205162405201,-0.00012002600314965634,0.0004935099754398523,1.0,269.460977731087,0.004191792910724468,0.022435573803945008,0.004191792910724468,0.45275869899513754
2019-02-05,7.902198462940633e-05,-0.00010091594767739755,0.0003861153846665521,1.0,270.59050234725703,-0.0013181984621036813,0.02108780080295647,-0.0013181984621036813,0.45084367471231435
2019-02-06,0.00017058495334655355,-0.00010091594767739755,3.948228915505302e-05,0,270.233810363203,-0.009532888465202394,0.011353884684722981,-0.0,0.45084367471231435
2019-02-07,7.386250126767187e-05,-0.00010091594767739755,0.00044433662979210083,1.0,267.65770158948396,0.0012215888058044744,0.012589343268960773,0.0012215888058044744,0.4526160091043152
2019-02-08,0.00017620879420251746,-1.6366854061841823e-05,0.0009711443713516403,1.0,267.984669241533,0.0005545901578720702,0.013150915352703851,0.0005545901578720702,0.4534216156461319
2019-02-11,0.0003639867604618885,0.00021179883691080256,0.0007271586454198896,1.0,268.133290901555,0.012859359988174557,0.02617938769557293,0.012859359988174557,0.4721116874163198
2019-02-12,0.00032898659108924745,0.0002947835338105552,0.00020545168295455824,0.75,271.581313414072,0.003246990149581963,0.029511382059124402,0.0024352426121864723,0.4756966365274138
2019-02-13,0.00033084133228531993,0.00019610614292476098,0.0001887606028949637,0.75,272.463135263538,-0.0022182624822745245,0.027227655585227994,-0.0016636968617058934,0.4732415246643933
2019-02-14,0.00010849318309751966,0.00019610614292476098,0.0004223795076641941,1.0,271.85874051278,0.010897295721263411,0.038421659121200324,0.010897295721263411,0.4892958732275061
2019-02-15,8.60242211871135e-05,0.00019610614292476098,-0.0004346481200389844,0,274.82126560255796,0.0017305404333549657,0.040218689789181195,0.0,0.4892958732275061
2019-02-19,3.548206512913703e-05,-3.1373198856325435e-05,-0.00024950700060761454,0,275.29685491462897,0.002015475976248071,0.04231522556849554,0.0,0.4892958732275061
2019-02-20,7.303088668424203e-05,-3.1373198856325435e-05,0.0003715168706646161,1.0,275.851709112046,-0.0035559067562224156,0.03860884981578305,-0.0035559067562224156,0.48400007596988237
2019-02-21,0.00011273638573472037,-3.1373198856325435e-05,0.0011263206436751788,0,274.870806155899,0.006199985581427869,0.04504820970938428,0.0,0.48400007596988237
2019-02-22,0.0001294804419641466,-0.00032669459661345405,-0.00040188219261929356,0,276.575001190821,0.0013613240667771365,0.04647085898820413,0.0,0.48400007596988237
2019-02-25,9.511416646809851e-05,-0.00032669459661345405,-0.00022726628390862526,0,276.951509396211,-0.0007155123068114388,0.04572209620987855,-0.0,0.48400007596988237
2019-02-26,5.686382258404672e-05,-0.00032669459661345405,6.858333190662677e-05,0,276.753347182848,-0.0004296147787490323,0.04527283854288244,-0.0,0.48400007596988237
2019-02-27,0.00032098306487406706,-0.0002393866422581199,0.0015108367440856345,0,276.63444985483,-0.0018624641833813183,0.043326055319234946,-0.0,0.48400007596988237
2019-02-28,0.00036428658707974876,-8.034147600099925e-05,0.0008688032507160892,1.0,276.119228100086,0.006243720396154728,0.04984029149067126,0.006243720396154728,0.49326575751211066
2019-03-01,5.177672186244337e-05,-8.034147600099925e-05,0.0008293751354929121,1.0,277.843239356345,-0.0036374010412965063,0.04602160132120803,-0.0036374010412965063,0.48783415109080375
2019-03-04,4.304872583829246e-05,-8.034147600099925e-05,0.0009412045167385126,1.0,276.83261206819304,-0.0013600572655699805,0.04459895204238795,-0.0013600572655699805,0.48581061144364956
2019-03-05,7.771558988707198e-05,0.0004479792336997694,0.0009541365001996537,1.0,276.456103862803,-0.006056913482905157,0.03827190656553392,-0.006056913482905157,0.4768111851181529
2019-03-06,9.530830279731752e-05,0.000786418165466013,0.0007454611954391138,1.0,274.78163315988496,-0.008365485162079467,0.02958625833695594,-0.008365485162079467,0.4644569430618539
2019-03-07,0.00010750103076992345,0.000786418165466013,0.0006452993000181866,1.0,272.482951484874,-0.001999927275370239,0.02752716069656147,-0.001999927275370239,0.46152813567781914
2019-03-08,0.00011993252808307196,0.0007693640187856375,0.0007952668421321612,1.0,271.938005398126,0.014501202360996501,0.04242753998524251,0.014501202360996501,0.4827220509295731
2019-03-11,0.00010523016088636873,0.0007693640187856375,0.0008000592710574291,1.0,275.88143344405,0.003771009912372447,0.04635854457145694,0.003771009912372447,0.4883134104809217
2019-03-12,0.00024280795287014045,0.0007693640187856375,0.0010786187075975517,-1,276.92178506420703,0.006619199255786246,0.05328460027096993,-0.006619199255786246,0.47846196746188974
2019-03-13,0.0003254921096099299,0.0006943802477286502,-0.00012534558950231864,0,278.754785537815,-0.0006397952655159411,0.05261071377047566,-0.0,0.47846196746188974
2019-03-14,0.00027845233803829034,0.00048598478054899736,0.0003286702610798082,1.0,278.576439545788,0.004919263053065004,0.057788782763987134,0.004919263053065004,0.4857349107937867
2019-03-15,0.00026917221688497046,0.00032057272744404,0.0003144751938082718,1.0,279.9468303323,0.0036258931427981533,0.06162421185793998,0.0036258931427981533,0.49112202681884964
2019-03-18,0.0002574658858871685,9.356480215297658e-05,-0.000199400434861345,0,280.96188762475,0.00024793681153312264,0.06188742758007448,0.0,0.49112202681884964
2019-03-19,0.00022415864073848247,-5.34043327476943e-05,2.0536924006930043e-05,0,281.03154841932997,-0.0030099150141670306,0.058691236668446,-0.0,0.49112202681884964
2019-03-20,0.00017190132336808661,-5.34043327476943e-05,7.698583927259219e-05,0,280.185667342288,0.01129461907299123,0.0706487509025302,0.0,0.49112202681884964
2019-03-21,0.00014200545382774517,-5.34043327476943e-05,8.879896541305496e-05,0,283.350257724631,-0.019246303515611407,0.05004272008404986,-0.0,0.49112202681884964
2019-03-22,0.00011242163181495088,-9.043175542720748e-05,-0.0002205633736866882,0,277.896812663236,-0.0007520143240838939,0.04925307291764658,-0.0,0.49112202681884964
2019-03-25,0.00013047255995252098,-9.043175542720748e-05,0.00018858297272412086,1.0,277.687830279496,0.007454128440366414,0.057074340089623865,0.007454128440366414,0.5022370419270168
2019-03-26,0.00020235812556196258,-9.043175542720748e-05,6.849557220889981e-05,0,279.757751032726,-0.005229083665338141,0.051546809924813086,-0.0,0.5022370419270168
2019-03-27,0.00018868908627397055,4.351624810791493e-05,0.0005695012605257783,1.0,278.294874346549,0.003790452351153828,0.055532648002840856,0.003790452351153828,0.5079311998545795
2019-03-28,0.00022320509840826987,7.1740705740746e-05,0.0009568971666058542,1.0,279.34973780733,0.006305439777705812,0.06218824554822522,0.006305439777705812,0.5174393692241861
2019-03-29,0.00020939982321379916,7.764726881097738e-05,0.0003324833894839888,1.0,281.111160755992,0.011859246672332402,0.07478499796463356,0.011859246672332402,0.5354350570141242
2019-04-01,0.00023563398813688204,9.169157695507715e-05,0.00011688758170125449,0.75,284.44492735374297,0.000489801630340736,0.07531142940890234,0.000367351222755552,0.53599910095978
2019-04-02,0.00020788409708491878,0.00015173527721268768,0.0009130574920298091,1.0,284.584248942903,0.001573591635483762,0.07700353047976027,0.001573591635483762,0.5384161362971609
2019-04-03,0.000253590614672071,0.0002236854855926216,0.0004008506594636914,1.0,285.03206833663,0.002653445988409997,0.07986130117721513,0.002653445988409997,0.5424982404225238
2019-04-04,0.0002674548279446211,0.0003656670244738401,0.000717443473593655,1.0,285.788385534926,0.0048401699282665245,0.08508801337387184,0.0048401699282665245,0.5499641940202209
2019-04-05,0.0002158098108073111,0.00023063419944642516,0.00013078500940886156,0.75,287.17164988444,0.0007623800117841917,0.08591526278629469,0.0005717850088381438,0.5508504403105978
2019-04-08,0.00023930213601026283,0.0001850075778361899,0.00024123014626351822,1.0,287.39058381026297,-0.005124831192215851,0.08035013037546412,-0.005124831192215851,0.5429025935996323
2019-04-09,0.00021119528719080826,0.0001850075778361899,0.0006314237896983638,1.0,285.917755582003,0.003410949845114919,0.08403515048533827,0.003410949845114919,0.5481653569622984
2019-04-10,0.00018936421210911513,0.0002148586153655101,0.00019048708446750198,1.0,286.893006706121,-0.0002774983523545771,0.0837343325171842,-0.0002774983523545771,0.5477357436265688
2019-04-11,0.00021226062226818658,0.00015963604693818178,-4.674923908666535e-05,0,286.813394369458,0.006765899864680902,0.09106677049091227,0.0,0.5477357436265688
2019-04-12,0.00015876551963060596,0.00014636346596523715,0.00016394192252161275,1.0,288.753945075611,-0.0006548111386789346,0.09035232781655234,-0.0006548111386789346,0.5467222690219107
2019-04-15,0.0001005083414638262,6.373283256539836e-05,-1.3193442780648363e-06,0,288.564865776038,0.0006552401972585997,0.09106677049091227,0.0,0.5467222690219107
2019-04-16,9.43822611293066e-05,-7.096874792084764e-07,1.8999693196478832e-06,0,288.753945075611,-0.002446925834021063,0.08839701102355613,-0.0,0.5467222690219107
2019-04-17,5.575836052463386e-05,-2.503429168236509e-05,-0.00012965257636660905,0,288.04738558773,0.0019692520297125427,0.09054033904664727,0.0,0.5467222690219107
2019-04-18,4.6804985851074354e-05,-2.503429168236509e-05,2.104407963131679e-05,0,288.614623486452,0.000862009516585216,0.09148039519712547,0.0,0.5467222690219107
2019-04-22,7.555220465805016e-05,-2.503429168236509e-05,9.33778344487318e-05,0,288.863412038523,0.0089916284838234,0.10129458140811476,0.0,0.5467222690219107
2019-04-23,0.00010494259466876391,-7.096874792084764e-07,0.0003826889869582014,1.0,291.460764522143,-0.0022193389784197493,0.09885043541687333,-0.0022193389784197493,0.5432895680014804
2019-04-24,7.472455227516765e-05,-7.096874792084764e-07,0.0004362346563422636,1.0,290.813914286759,-0.000615953187557361,0.0981735949885294,-0.000615953187557361,0.542338973872746
2019-04-25,6.885026890019843e-05,1.0472024475482336e-05,0.00011626889865310703,1.0,290.634786529268,0.004656736860127131,0.10328750044713075,0.004656736860127131,0.54952124062319
2019-04-26,0.0001112787662415021,5.62109570400243e-05,0.0003237755117540101,1.0,291.988196252534,0.00156777205957348,0.10501720376400847,0.00156777205957348,0.5519505367299546
2019-04-29,0.00014091047072757942,0.00010382336655091942,0.0009053765514386035,1.0,292.445967188344,0.0005104297818778747,0.10558123745429704,0.0005104297818778747,0.552742698503903
2019-04-30,-4.072979475149695e-06,0.00021902220520355855,0.0010914104760074094,-1,292.595240319587,-0.00751649547649802,0.09727114108407076,0.00751649547649802,0.5644138819733728
2019-05-01,0.00012057391370567851,0.00021902220520355855,-2.7764702261784302e-06,0,290.39594951927995,-0.0021589390356746563,0.09490219958486512,-0.0,0.5644138819733728
2019-05-02,8.666679533436027e-05,0.00021902220520355855,0.0003253789314463525,1.0,289.76900236806097,0.009787760148359803,0.10561883970031327,0.009787760148359803,0.5797259898228926
2019-05-03,8.682251349247517e-05,0.00016657005730172857,0.00021887121595035014,1.0,292.605191861669,-0.004115226337447542,0.10106896793200026,-0.004115226337447542,0.573225059823623
2019-05-06,0.00010040515406557566,0.00010704737286208586,-7.054184990348399e-05,0,291.401055269646,-0.016699678983674304,0.0826814696286502,-0.0,0.573225059823623
2019-05-07,9.21863436853364e-05,6.291669551807534e-05,0.0001306098612623291,1.0,286.534751191139,-0.0013892265481210142,0.08117737978788342,-0.0013892265481210142,0.5710394938043468
2019-05-08,5.5218942418467584e-05,-1.0135935909235888e-06,2.749283044331253e-06,0,286.136689507825,-0.0030257712238727086,0.07790598438421914,-0.0,0.5710394938043468
2019-05-09,8.396635349520778e-05,-1.0135935909235888e-06,0.000247121070571155,1.0,285.270905346618,0.005023372636574264,0.08332070781097456,0.005023372636574264,0.5789314106085011
2019-05-10,-7.1464429780977405e-06,-3.4896283429576364e-05,-0.00017494113327245188,0,286.703927406547,-0.025130163137798256,0.056096681693129646,-0.0,0.5789314106085011
2019-05-13,-4.420896970370872e-05,-3.4896283429576364e-05,0.0003408005814283525,1.0,279.499010938573,0.009043651641384542,0.06564765218198443,0.009043651641384542,0.5932107162516842
2019-05-14,-0.00013440756731830707,-0.00012374149158796794,-0.0006503611363637688,0,282.026702627613,0.005857445306986397,0.07188962502115892,0.0,0.5932107162516842
2019-05-15,-0.00012082922191915425,-0.00018626111912320914,-0.00019558110497396643,0,283.678658613364,0.009261208166701396,0.08181661797020734,0.0,0.5932107162516842
2019-05-16,-0.00018929113034633349,-0.00018626111912320914,0.0007435759042812763,1.0,286.305865723233,-0.006465067778933853,0.0748226002106529,-0.006465067778933853,0.5829105009849933
2019-05-17,-0.00032435960831059425,-0.00018626111912320914,0.00038068214908215203,1.0,284.45487889582597,-0.006612090680103155,0.06771577571303578,-0.006612090680103155,0.572444153213993
2019-05-20,-0.00013898251544701282,-0.0002826979452872559,-0.0003678147856005454,0,282.574037442169,0.009015671773201728,0.0773419506939339,0.0,0.572444153213993
2019-05-21,-0.00012653820489937285,-0.0002826979452872559,0.0009878243725206224,1.0,285.121632215376,-0.0030714460228274953,0.07403295304424984,-0.0030714460228274953,0.5676144758734856
2019-05-22,-0.00018280860347452544,-0.0002826979452872559,-3.072301015403732e-05,0,284.245896512086,-0.012218604488323126,0.06090976918357649,-0.0,0.5676144758734856
2019-05-23,-3.715836326431497e-05,-0.0002509650788906001,-0.0003043490528072337,0,280.772808325176,0.0022683774012879354,0.06331631292879814,0.0,0.5676144758734856
2019-05-24,-0.00019229252214636742,-0.0002190925837955076,-0.00013183611478378147,0,281.409707018477,-0.00930051630242501,0.0534269222257695,-0.0,0.5676144758734856
2019-05-28,-0.00025035774060598484,-0.0003370819192038896,-0.0006064967212126335,0,278.792451450691,-0.006710690701408284,0.04635769997417594,-0.0,0.5676144758734856
2019-05-29,-8.939659381432253e-05,-0.0004368235831984605,-0.0005038323807963755,0,276.921561539118,0.002731160383797615,0.049215470671627015,0.0,0.5676144758734856
2019-05-30,-0.00013459155653755314,-0.00040509071680180464,-7.586425667446997e-05,0,277.677878737413,-0.013475253556965439,0.03507702616843611,-0.0,0.5676144758734856
2019-05-31,-0.0001735384811318156,-0.0004535209616749763,-0.0004012095425535771,0,273.93609891426604,-0.0025429578232258887,0.03244486894709975,-0.0,0.5676144758734856
2019-06-03,-0.00018352154249196752,-0.0004535209616749763,-0.0003418724628845595,0,273.23949096846803,0.0217066686090972,0.05485580757449715,0.0,0.5676144758734856
2019-06-04,-5.720869373229559e-05,-0.0004535209616749763,-0.00018701501161577506,0,279.17061004983896,0.008662175168429487,0.06399315335714251,0.0,0.5676144758734856
2019-06-05,-0.00018732938573598693,-0.0004535209616749763,0.0001314599696964249,1.0,281.588834775968,0.006502685892002313,0.07091196662466515,0.006502685892002313,0.5778081804098467
2019-06-06,-0.0001173614942417886,-0.00037254100271906835,0.0004795278138223843,1.0,283.419918519211,0.010007022471907545,0.08162860674011285,0.010007022471907545,0.5935973423275676
2019-06-07,-2.2468026521285208e-05,-0.0002654437372501673,0.0005963420936905899,1.0,286.25610801281897,0.00458891013384477,0.08659210321463906,0.00458891013384477,0.6009102173210426
2019-06-10,-5.710662578472687e-06,-0.0002654437372501673,0.0006264370088181785,1.0,287.569711567754,-0.00024223967885983466,0.08632888749250478,-0.00024223967885983466,0.6005224133441154
2019-06-11,2.459888059702264e-05,-2.877752095967507e-05,0.0005697686083831114,1.0,287.500050773174,-0.0017653167185888163,0.08441117294552836,-0.0017653167185888163,0.5976969843693629
2019-06-12,7.597423338765717e-05,0.00018329323899939456,0.00023712650830236417,1.0,286.992522126949,0.004126356669788667,0.08888584022180557,0.004126356669788667,0.6042896519771166
2019-06-13,8.250144097619271e-07,0.000275354478902403,0.0003155824495024418,1.0,288.176755634807,-0.0011050486912086432,0.08768256834919286,-0.0011050486912086432,0.6025168337968798
2019-06-14,-6.805312686476679e-07,0.00034891468929376153,0.0003842469290850813,1.0,287.85830628815603,0.00038028071630979987,0.08809619305540228,0.00038028071630979987,0.6031262400463346
2019-06-17,-3.479579572092241e-05,0.00034891468929376153,0.0007891248607874999,1.0,287.967773251067,0.010471023257422107,0.09948967359919791,0.010471023257422107,0.6199126121904435
2019-06-18,-0.00011633228151712295,0.00034891468929376153,0.0005093554501096607,1.0,290.983090502167,0.0022571819425436512,0.10197142183645913,0.0022571819425436512,0.6235690496871784
2019-06-19,-2.313896453059006e-05,0.00034891468929376153,0.0007162619626970285,1.0,291.639892279634,0.009554357469461872,0.1125000507218159,0.009554357469461872,0.6390812087642441
2019-06-20,2.7912447279745578e-06,0.000275354478902403,-0.00038584675388537824,0,294.426324062829,-0.001447982153722216,0.11088917050235558,-0.0,0.6390812087642441
2019-06-21,3.458398078919736e-05,0.00034891468929376153,0.0005991117809094824,1.0,294.0,-0.001224489795918382,0.10952889804867927,-0.001224489795918382,0.6370741705494307
2019-06-24,-6.597893999701948e-05,0.0003720622324456091,0.0003618775358061369,1.0,293.64,-0.00980792807519415,0.09864671841926831,-0.00980792807519415,0.6210178648309237
2019-06-25,-8.833645701496056e-05,0.00043461649295789876,0.0005959504146273661,1.0,290.76,-0.000997386160407121,0.09755094338714021,-0.000997386160407121,0.6194010840467685
2019-06-26,8.769461133917903e-05,-1.298460903962072e-05,-0.0005829225686300966,0,290.47,0.0035459772093502373,0.10144283401849186,0.0,0.6194010840467685
2019-06-27,-8.684099548455979e-06,-1.298460903962072e-05,0.0005440124992283947,1.0,291.5,0.005145797598627766,0.10711063590880987,0.005145797598627766,0.6277341942562715
2019-06-28,-7.336623677470148e-05,-1.298460903962072e-05,0.0007906018700462919,1.0,293.0,0.00907849829351548,0.11716153792764095,0.00907849829351548,0.642511576361124
2019-07-01,8.742442330858146e-05,0.000265506961651946,0.00017113638749775517,1.0,295.66,0.0026043428262192414,0.12007100956467087,0.0026043428262192414,0.6467892396020021
2019-07-02,-1.8655180735040598e-05,0.000265506961651946,0.0007252692662659106,1.0,296.43,0.007995142192085858,0.12902613655137363,0.007995142192085858,0.6599555537330171
2019-07-03,0.0001081876072191093,0.0002746749506559247,0.0003802135138140942,1.0,298.8,-0.0011378848728247348,0.127741434789568,-0.0011378848728247348,0.6580667154188629
2019-07-05,2.9875003322854693e-06,0.0002746749506559247,0.0007962742495085797,1.0,298.46,-0.0054948736849158575,0.12154463805615356,-0.0054948736849158575,0.6489558482564728
2019-07-08,6.26137871404169e-05,0.00032708593541633116,0.0002759583570185681,1.0,296.82,0.0012465467286570941,0.12294269585576534,0.0012465467286570941,0.6510113487748168
2019-07-09,3.067350656560312e-05,0.00032708593541633116,0.00045178378378962276,1.0,297.19,0.004778088091793142,0.1283082149785999,0.004778088091793142,0.658900026439813
2019-07-10,-4.529480516925222e-05,0.00022254737225816163,-0.0003249994983373368,0,298.61,0.0023441947690967524,0.1309531891940816,0.0,0.658900026439813
2019-07-11,3.953750478889216e-05,0.00032708593541633116,0.0005098280482253785,1.0,299.31,0.00447696368313788,0.1360164255494325,0.00447696368313788,0.6663268616121405
2019-07-12,0.00010146076163680002,0.00032708593541633116,0.0005870691744208717,1.0,300.65,0.00033261267254292015,0.1363942790087871,0.00033261267254292015,0.6668811030429114
2019-07-15,1.6943669670376556e-05,0.0003628710704040954,0.00046096740085887686,1.0,300.75,-0.003458021612635198,0.13246460303149976,-0.003458021612635198,0.6611169921628959
2019-07-16,-1.6664685539856475e-05,0.0003628710704040954,0.0007862607120722932,1.0,299.71,-0.006573020586566947,0.12502088988221538,-0.006573020586566947,0.650198435976713
2019-07-17,-7.409558335775109e-05,0.0004553755923242498,0.0010649759536641014,-1,297.74,0.003660912205279754,0.12913949258917978,-0.003660912205279754,0.6441572043813122
2019-07-18,-4.3560275267485804e-05,0.00048439772454212765,0.0010827082718837114,-1,298.83,-0.005554997824850139,0.12286712516389442,0.005554997824850139,0.6532904940753621
2019-07-19,-4.237141707332956e-05,0.000547448611323125,0.0006904906473552218,1.0,297.17,0.002456506376821155,0.12562545541718229,0.002456506376821155,0.6573518127167961
2019-07-22,-0.00013321841003495244,0.0006377799108880467,0.0008128902244651179,1.0,297.9,0.0071500503524672965,0.13367373410143402,0.0071500503524672965,0.6692019616294742
2019-07-23,-4.548427441950195e-05,0.000732726154035817,0.0007769616607164123,1.0,300.03,0.004699530046995415,0.13900146787833312,0.004699530046995415,0.6770464264026557
2019-07-24,-6.720398058724594e-05,0.0007806111863943527,0.0011354605156652087,-1,301.44,-0.004777070063694211,0.13356037806362786,0.004777070063694211,0.6850577946816492
2019-07-25,-0.00016446622257151322,0.000793925942590765,0.0009388503356718519,1.0,300.0,0.006699999999999928,0.14115523259665408,0.006699999999999928,0.6963476819060161
2019-07-26,-0.00015616114293442353,0.000793925942590765,0.0011189768294861888,-1,302.01,-0.0018211317506042768,0.13907703857020404,0.0018211317506042768,0.6994369545295991
2019-07-29,-0.0001702161941704747,0.000732726154035817,0.0003571136670212758,1.0,301.46,-0.002454720360910101,0.1362809229709805,-0.002454720360910101,0.6952653120352321
2019-07-30,-0.00021664704456522994,0.0007435649816503866,0.0007121683025843608,1.0,300.72,-0.010940409683426466,0.12384954415821592,-0.010940409683426466,0.676718414999465
2019-07-31,-0.00027348232310486146,0.0005336409848028182,0.0002967579528002614,1.0,297.43,-0.008707931277947889,0.11406313956093306,-0.008707931277947889,0.6621176662691799
2019-08-01,-0.00012837509474347223,0.0005336409848028182,0.0009913720743989578,1.0,294.84,-0.007529507529507429,0.10567479276326242,-0.007529507529507429,0.6496027387860788
2019-08-02,-0.00011884823604672593,0.0003259358099107686,-0.0002699508729520748,0,292.62,-0.03007313239013054,0.07242368834006263,-0.0,0.6496027387860788
2019-08-05,-0.0001890195576159002,0.0003259358099107686,0.0009334796598116806,1.0,283.82,0.01402297230639138,0.08746225602237345,0.01402297230639138,0.6727350723086234
2019-08-06,-8.509404168851947e-05,0.0003259358099107686,0.0006384760200213086,1.0,287.8,0.0005906879777624052,0.08810460690327626,0.0005906879777624052,0.6737231368058176
2019-08-07,-8.230260083461845e-05,7.92309379902288e-05,-0.0001362960768198038,0,287.97,0.019620099315900807,0.10945332735680768,0.0,0.6737231368058176
2019-08-08,-9.953254495087835e-05,7.92309379902288e-05,0.0013018402823257158,-1,293.62,-0.006811525100470006,0.10189625816971692,0.006811525100470006,0.6851237439634081
2019-08-09,-0.00016691478594423701,0.0002500899716007524,0.0012912359651475833,-1,291.62,-0.012001920307249114,0.08867138709230793,0.012001920307249114,0.7053484648463104
2019-08-12,-0.00019306208126865985,0.0002500899716007524,0.0010456249800318274,-1,288.12,0.015375537970290232,0.1054102953417142,-0.015375537970290232,0.6791278147724897
2019-08-13,-0.00011684930396196425,0.0002922812170882045,-5.191358584489962e-05,0,292.55,-0.029567595282857795,0.07272597110754608,-0.0,0.6791278147724897
2019-08-14,-0.00010697349521451453,-9.51048313323517e-05,-0.00023939883359477224,0,283.9,0.002641775272983482,0.07555987205270509,0.0,0.6791278147724897
2019-08-15,-4.196225461674296e-05,-0.00012160204414192706,-0.00010490801146405032,0,284.65,0.014754962234323044,0.09142971734559602,0.0,0.6791278147724897
2019-08-16,-0.0001537551218379949,-7.941079865447497e-05,0.00014434622215810116,1.0,288.85,0.01204777566210824,0.10457901773113387,0.01204777566210824,0.6993575699928747
2019-08-19,-4.6831168178065454e-05,-7.941079865447497e-05,0.0004954176058881287,1.0,292.33,-0.007662573119419869,0.09611510024159209,-0.007662573119419869,0.6863361183567647
2019-08-20,-3.946395705732411e-05,-7.941079865447497e-05,0.0007981553017300979,1.0,290.09,0.008135406253231725,0.10503244188235916,0.008135406253231725,0.7000551477590948
2019-08-21,-8.052155966245143e-05,-7.941079865447497e-05,0.0008923190875287043,1.0,292.45,-0.00030774491366036827,0.10469237376894025,-0.00030774491366036827,0.6995319644344298
2019-08-22,-0.00016775720790086635,1.8719105347025423e-05,0.0010236303619597668,-1,292.36,-0.025687508551101357,0.07631557897141406,0.025687508551101357,0.743188706303709
2019-08-23,-0.00017512100088443972,1.8719105347025423e-05,-0.0004155441272453544,0,284.85,0.011058451816745585,0.08821796294108197,0.0,0.743188706303709
2019-08-26,-7.871938487825903e-05,0.00016683384273420414,0.0001913214633103071,1.0,288.0,-0.003923611111111058,0.08394821885037573,-0.003923611111111058,0.7363491117268925
2019-08-27,-3.0542311094323865e-05,0.00032543916108595996,0.00046155685886161286,1.0,286.87,0.007041517063478109,0.09158085872933741,0.007041517063478109,0.7485756436252726
2019-08-28,-0.00019164254647003394,0.00032543916108595996,0.0008143440859657609,1.0,288.89,0.012773027796046943,0.10552365137952013,0.012773027796046943,0.770910248924789
2019-08-29,-9.24183136742087e-05,0.00032543916108595996,0.0009594806292831289,1.0,292.58,-0.00043509467496061216,0.1050426439257619,-0.00043509467496061216,0.7701397353056487
2019-08-30,-0.0001116741070016154,0.00032543916108595996,0.0011689080668835822,-1,292.4527,-0.005822138075661454,0.09860893307333218,0.005822138075661454,0.7804457332578127
2019-09-03,-0.00013321193790673055,0.00032543916108595996,0.0014203029500801097,-1,290.75,0.011074806534823844,0.11077581446454854,-0.011074806534823844,0.7607276412162298
2019-09-04,-2.9821527311415562e-05,0.0005394126263424581,0.0006192683938233034,1.0,293.97,0.01285845494438198,0.12505867522815017,0.01285845494438198,0.7833678782601368
