date,signal,Adj_Close,rtnSPY,cRtn-SPY,position,rtnPort,cRtn-Port
2018-01-12,-0.0031189766176655813,270.19865891122697,-0.0034182498560715313,-0.0034182498560715313,-1.0,0.0034182498560715313,0.0034182498560715313
2018-01-16,-0.0012770938007636715,269.27505238429296,0.00953171823663057,0.006080886586068646,-1.0,-0.00953171823663057,-0.006146050175049544
2018-01-17,0.0011398998660936772,271.841706311774,-0.0016809126998302837,0.004389752446749551,1.0,-0.0016809126998302837,-0.007816631901086835
2018-01-18,0.001200920930772574,271.384764135291,0.0045496883284372736,0.008959412780658482,1.0,0.0045496883284372736,-0.0033025068115776213
2018-01-19,0.001229335096561583,272.619480229193,0.008130951107306883,0.017163212435234998,1.0,0.008130951107306883,0.004801591774312719
2018-01-22,0.00030669952273683007,274.836135893836,0.002122466305847448,0.01932210708117643,0.75,0.001591849729385586,0.00640108491626501
2018-01-23,-0.0013748037519769796,275.41946633189997,-0.0003882946803624998,0.018926309729420998,-1.0,0.0003882946803624998,0.006791865103848993
2018-01-24,-0.0006070782323560528,275.312522418255,0.00042375874002109626,0.01935808865860622,-1.0,-0.00042375874002109626,0.006365228251629107
2018-01-25,0.0010942595369407796,275.429188505867,0.01157783268620105,0.031160046056421198,1.0,0.01157783268620105,0.01801675648553691
2018-01-26,-0.0014352749670440987,278.61806156728403,-0.006629911368552621,0.024323546344274583,-1.0,0.006629911368552621,0.02476611735273737
2018-01-29,0.0011124708659179963,276.770848513415,-0.010257130813545179,0.01381692573402682,1.0,-0.010257130813545179,0.014254957233761578
2018-01-30,0.0012720567475094041,273.931973714837,0.0004968767745590075,0.014320667818078947,1.0,0.0004968767745590075,0.014758916965492475
2018-01-31,0.00023595488508913252,274.068084150385,-0.0011351543100410755,0.013169257340241547,0.75,-0.0008513657325308066,0.01389498599680783
2018-02-01,0.0012399605124089215,273.756974583417,-0.021770012074720624,-0.008887449625791244,1.0,-0.021770012074720624,-0.008177520090841384
2018-02-02,0.0019600856910273593,267.797281941197,-0.04182247231802494,-0.05033822682786371,1.0,-0.04182247231802494,-0.04965798830123702
2018-02-05,0.002011990921496607,256.597337530369,0.0197021937634978,-0.03162780656303943,1.0,0.0197021937634978,-0.030934165845155737
2018-02-06,0.0012079811093279374,261.65286799358995,-0.005424887600787631,-0.03688111686816309,1.0,-0.005424887600787631,-0.036191239073209314
2018-02-07,0.0013789252122743277,260.233430594301,-0.037508872865839815,-0.07300662061024477,1.0,-0.037508872865839815,-0.07234261935379493
2018-02-08,0.0019855208232899078,250.47236793069803,0.015021542522219544,-0.05908175014392558,1.0,0.015021542522219544,-0.05840777456436719
2018-02-09,0.0011482368861861513,254.23484925621003,0.014684512428296825,-0.04526482440990276,1.0,0.014684512428296825,-0.04458095182756994
2018-02-12,0.0011570176064509975,257.968164059819,0.002487374689080557,-0.04289004029936505,1.0,0.002487374689080557,-0.04220446666968036
2018-02-13,0.0012038761723786777,258.60982754169,0.013496240601503562,-0.0299726540011499,1.0,0.013496240601503562,-0.029277827704808912
2018-02-14,0.00025246026167086686,262.10008799610597,0.012760117215030231,-0.017594991364419887,0.75,0.009570087911272673,-0.01998793117852249
2018-02-15,0.00041507779304112113,265.444515841006,0.0002930080943490676,-0.017307138744960593,0.75,0.0002197560707618007,-0.019772567576979205
2018-02-16,-0.0012928401932537391,265.522293232748,-0.006261213430488466,-0.02345998848589581,-1.0,0.006261213430488466,-0.013635154412159012
2018-02-20,0.001278477222893448,263.859801484265,-0.004974207811345166,-0.028317501439260373,1.0,-0.004974207811345166,-0.018541538131918278
2018-02-21,0.0012229077138359464,262.547307998622,0.0012960562858703728,-0.027058146229130497,1.0,0.0012960562858703728,-0.017269512723093516
2018-02-22,0.001231130643356968,262.887584087492,0.015939349112426893,-0.011550086355784805,1.0,0.015939349112426893,-0.0016054284029615173
2018-02-23,0.001110501471173043,267.077841067585,0.01161224564085872,-7.196315486257543e-05,0.75,0.00870918423064404,0.007089773855952108
2018-02-26,-0.001386577695181969,270.179214563292,-0.01248650593738676,-0.012557570523888839,-1.0,0.01248650593738676,0.019664806296685766
2018-02-27,0.0014569350609882513,266.805620196489,-0.010130087818388311,-0.022560449050084586,1.0,-0.010130087818388311,0.009335512263580537
2018-02-28,-0.000547922174457397,264.102855833459,-0.014540769372356266,-0.03677317213586673,-1.0,0.014540769372356266,0.02401202716673434
2018-03-01,0.0015373204721683448,260.262597116204,0.005155024280910858,-0.03180771445020236,1.0,0.005155024280910858,0.029290834030723634
2018-03-02,0.001120780726209534,261.604257123751,0.01155790099598697,-0.020617443868739427,0.75,0.008668425746990227,0.03821316519757656
2018-03-05,0.0011072432678443597,264.627853227716,0.002534993938059449,-0.018134715025905468,0.75,0.0019012454535445866,0.04018706325771859
2018-03-06,0.001080887720305291,265.29868323149,-0.00036646144825425164,-0.01849453080022767,0.75,-0.00027484608619068873,0.03990117191447595
2018-03-07,0.0012280943878144458,265.201461491813,0.004839064447537567,-0.013744962579159359,1.0,0.004839064447537567,0.044933320704440005
2018-03-08,0.0009066589066682998,266.48478845555303,0.017402407880337423,0.003418249856075528,0.75,0.013051805910253067,0.058571587595430685
2018-03-09,-0.0014922344129333232,271.122265438162,-0.0012550650840906785,0.002158894645941878,-1.0,0.0012550650840906785,0.05990016383403196
2018-03-12,-0.0005556566264427992,270.781989349291,-0.006462731581215464,-0.0043177892918824234,-1.0,0.006462731581215464,0.06675001409577774
2018-03-13,0.0012515873405527708,269.031998035099,-0.005131540907776677,-0.009427173287276602,1.0,-0.005131540907776677,0.061275942760073976
2018-03-14,0.0012884160076082661,267.65144933168096,-0.0010897203051216664,-0.010506620610247208,1.0,-0.0010897203051216664,0.060119448815911136
2018-03-15,0.0012098308276669517,267.359784112649,0.0010792000000023894,-0.009438759355207438,1.0,0.0010792000000023894,0.06126352972507587
2018-03-16,0.0010278823926423324,267.648318791664,-0.01353026987600403,-0.02284132026984087,0.75,-0.010147702407003023,0.05049414325002011
2018-03-19,0.0014170956655482523,264.026964806554,0.001700617398056048,-0.021179547218430295,1.0,0.001700617398056048,0.05228063186658716
2018-03-20,0.001264815214839381,264.47597365646,-0.0019191732792041005,-0.023058073276547186,1.0,-0.0019191732792041005,0.05026112299568486
2018-03-21,-0.000630946539154319,263.968398434827,-0.024997226639056125,-0.04747891203204946,-1.0,0.024997226639056125,0.07651473831739763
2018-03-22,0.0018729077793113896,257.369920553603,-0.0213145219403037,-0.06778144366014427,1.0,-0.0213145219403037,0.05356934130847124
2018-03-26,0.0009273308889936236,258.775513475047,-0.017011806419974462,-0.08364016528170592,0.75,-0.012758854814980847,0.04012700304520145
2018-03-27,-0.0006438905398397709,254.37327453357997,-0.0029547198772085226,-0.08634775190002364,-1.0,0.0029547198772085226,0.043200286975920266
2018-03-28,-0.0012838995828306306,253.62167276308497,0.012777585344262876,-0.07467348232494853,-1.0,-0.012777585344262876,0.029870706277925985
2018-03-29,-0.0006657496711206978,256.86234533197,-0.021584647539422575,-0.09464632906784576,-1.0,0.021584647539422575,0.05210010248411123
2018-04-02,0.001799714210939672,251.31806214182998,0.012817027226472044,-0.08304238641792194,1.0,0.012817027226472044,0.06558489814262414
2018-04-03,-0.0013958480455353213,254.539212586806,0.010699083483528993,-0.07323178035934974,-1.0,-0.010699083483528993,0.054184116358608536
2018-04-04,0.001157622828600979,257.262548872104,0.007891941113975953,-0.06591778014364136,1.0,0.007891941113975953,0.06250367532819956
2018-04-05,-0.0013914859128651158,259.292849758634,-0.022285800331274253,-0.08673454998835362,-1.0,0.022285800331274253,0.08618242008780896
2018-04-06,0.0018804845792476956,253.514301081586,0.004928384413985798,-0.08223362677868451,1.0,0.004928384413985798,0.09153554459771507
2018-04-09,-0.0014128045324055497,254.76371701175898,0.015900383141760566,-0.06764078980984156,-1.0,-0.015900383141760566,0.07417971122576117
2018-04-10,-0.0006961056847716161,258.814557722865,-0.00524231567037603,-0.07252851110784087,-1.0,0.00524231567037603,0.07981090035871996
2018-04-11,0.0011416504922012944,257.457770111193,0.008227176220807708,-0.06489803972895014,1.0,0.008227176220807708,0.08869469492112025
2018-04-12,-0.0014227118377756773,259.575920555314,-0.0029331026961983975,-0.06764078980984156,-1.0,0.0029331026961983975,0.09188794826613012
2018-04-13,0.001154336832339859,258.814557722865,0.008221761267206196,-0.05997515496837713,1.0,0.008221761267206196,0.10086519030731389
2018-04-16,-0.001409139243306442,260.94246922893996,0.010698387760448513,-0.04991840467177333,-1.0,-0.010698387760448513,0.0890877076294263
2018-04-17,-0.0013758654843428815,263.73413294792005,0.000740219845291934,-0.04921513542026479,-1.0,-0.000740219845291934,0.0882815432949755
2018-04-18,-0.0013208603513010337,263.929354187009,-0.005547542438699371,-0.05448965480659396,-1.0,0.005547542438699371,0.09431883134165742
2018-04-19,0.0011007703632144995,262.46519489383803,-0.008479303804530103,-0.06250692427381499,0.75,-0.006359477853397577,0.08735953496918425
2018-04-20,-0.0011984604329482714,260.239672768218,-0.00015003188177520332,-0.06264757812411736,-1.0,0.00015003188177520332,0.08752267356638166
2018-04-23,-0.00134524188303316,260.2006285204,-0.013467381925948207,-0.0752712611887324,-1.0,0.013467381925948207,0.10216875676442827
2018-04-24,0.0011628204857546177,256.696407278744,0.002471670849495178,-0.07298563612132214,1.0,0.002471670849495178,0.10489295515174724
2018-04-25,0.0012555531166962897,257.330876305785,0.010165762621856755,-0.06356182815107991,1.0,0.010165762621856755,0.1161250346563818
2018-04-26,-0.0013412713572997384,259.946840909584,0.000938755585596418,-0.06268274158669107,-1.0,-0.000938755585596418,0.1150772660458741
2018-04-27,0.0010189237186973552,260.190867458446,-0.007690576230491852,-0.06989125141467423,0.75,-0.005767932172868889,0.10864557600781355
2018-04-30,0.001270279279613312,258.18984975777903,0.0017768704396798896,-0.06823856867362532,1.0,0.0017768704396798896,0.11061549555990369
2018-05-01,0.0011889883024312272,258.648619669639,-0.006717488112309211,-0.07449766501206845,1.0,-0.006717488112309211,0.10315494917113366
2018-05-02,0.0012550254318018195,256.911150641743,-0.002203647416415655,-0.07653714584145122,1.0,-0.002203647416415655,0.10072398461748655
2018-05-03,0.0012451500485820203,256.34500904838296,0.012946462569492168,-0.06458156856577113,1.0,0.012946462569492168,0.11497446648367915
2018-05-04,-0.0013148188467571535,259.663770112904,0.0033832042703572096,-0.06141685693397203,-1.0,-0.0033832042703572096,0.11120228010733224
2018-05-07,-0.0013828311737462925,260.542265688807,0.0,-0.06141685693397203,-1.0,-0.0,0.11120228010733224
2018-05-08,0.0011933721616457676,260.542265688807,0.009665817473399674,-0.052344683589486074,1.0,0.009665817473399674,0.12194295852287529
2018-05-09,0.00024336937871994286,263.060619673061,0.00935064935064811,-0.0434834910204539,0.75,0.007012987012986083,0.1298111299203073
2018-05-10,-0.0013837742431819081,265.520407285588,0.003051246231897231,-0.040564923626682514,-1.0,-0.003051246231897231,0.1263637979673824
2018-05-11,-0.0013442521192209183,266.33057542781,0.00047645226314751987,-0.04010779861320135,-1.0,-0.00047645226314751987,0.12582713938671342
2018-05-14,-0.0013268824871583672,266.457469233218,-0.006886951425012611,-0.046718529577400636,-1.0,0.006886951425012611,0.1335806562086308
2018-05-15,0.0009546697223845296,264.622389585777,0.0042050903725563415,-0.042709894843790175,0.75,0.003153817779417256,0.13715576303658517
2018-05-16,0.0011691765885058346,265.735150648587,-0.0008448427857776775,-0.04351865448302772,1.0,-0.0008448427857776775,0.13619504519387826
2018-05-17,-0.0013216585087841765,265.510646223634,-0.0024999080916137117,-0.0459097699381632,-1.0,0.0024999080916137117,0.1390354283810098
2018-05-18,0.0008314068882436427,264.84689401072995,0.00751851988353458,-0.038736423572757195,0.75,0.005638889912650935,0.1454583237682594
2018-05-21,-0.0013792784569159747,266.838150649442,-0.002780114862640626,-0.04140884672849765,-1.0,0.002780114862640626,0.148642829478703
2018-05-22,-0.0005902948604021567,266.09630994090196,0.002751183008695701,-0.03877158703533112,-1.0,-0.002751183008695701,0.1454827028431811
2018-05-23,0.0011534373244588515,266.828389587488,-0.002048580626282215,-0.04074074093956259,1.0,-0.002048580626282215,0.14313608917039522
2018-05-24,0.0011834517047671135,266.281770118037,-0.002382697947211132,-0.043026366006969186,1.0,-0.002382697947211132,0.1404123411573459
2018-05-25,0.0010018079770011577,265.647301090997,-0.011501010472169115,-0.054032529793112793,0.75,-0.008625757854126836,0.13057542044866466
2018-05-29,0.0013662609062203284,262.592088699246,0.013344732733625575,-0.04140884672849798,1.0,0.013344732733625575,0.14566264726975842
2018-05-30,0.0003233083563970168,266.09630994090196,-0.006125967499357565,-0.04728114497861091,0.75,-0.004594475624518174,0.14039892816295652
2018-05-31,-0.0005618322771865409,264.466212594505,0.009817671809256634,-0.037927663933520206,-1.0,-0.009817671809256634,0.12920286575462447
2018-06-01,0.00041774072084963757,267.06265507439497,0.004751461988305783,-0.0333564137986998,0.75,0.003563596491229337,0.13322688912491376
2018-06-04,-0.0013809377664326832,268.331593128477,0.0007275372862840523,-0.03265314454719104,-1.0,-0.0007275372862840523,0.13240242430925564
2018-06-05,0.001200870940848889,268.526814367566,0.008360596146856247,-0.024565548154818817,1.0,0.008360596146856247,0.14186998365462622
2018-06-06,0.00021275248608984128,270.771858617095,-0.00010814708002726547,-0.02467103854254382,0.75,-8.11103100204491e-05,0.14177736622624892
2018-06-07,-0.0006449526567456819,270.742575431232,0.0029563399069838514,-0.021787634611350026,-1.0,-0.0029563399069838514,0.13840188423358324
2018-06-08,0.0012713949940725711,271.54298251149896,0.0013300262410564923,-0.02048658649605717,1.0,0.0013300262410564923,0.1399159886124821
2018-06-11,-0.0013730402368167948,271.904141803814,0.001292360712234153,-0.01922070184333835,-1.0,-0.001292360712234153,0.13844280597355185
2018-06-12,-0.0005936211515056761,272.255540034175,-0.003190879105119171,-0.022350250012559858,-1.0,0.003190879105119171,0.14207543933550615
2018-06-13,-0.0013290208467313088,271.386805520227,0.0025177139157639417,-0.019888807632273298,-1.0,-0.0025177139157639417,0.13920002010903887
2018-06-14,-0.0013359848203134974,272.07007985704,-0.0012700462813461932,-0.02113359420744576,-1.0,0.0012700462813461932,0.14064685685828793
2018-06-15,0.001228266168826608,271.724538263852,-0.0020567964493192203,-0.02314692315523781,1.0,-0.0020567964493192203,0.13830077845317468
2018-06-18,0.001195231828729429,271.165656198358,-0.003832803008389729,-0.02689100856692317,1.0,-0.003832803008389729,0.133937895805067
2018-06-19,0.0013391230585615645,270.126331655509,0.0017059891107087388,-0.025230895224005567,1.0,0.0017059891107087388,0.13587238150753045
2018-06-20,0.0012161249443962666,270.587164235829,-0.006268797333045861,-0.031341525188360864,1.0,-0.006268797333045861,0.1287518277516555
2018-06-21,0.0010140617314789878,268.890908142311,0.0018232205367558763,-0.02957544716398164,0.75,0.0013674154025669072,0.13029530038659876
2018-06-22,0.0011975281293251628,269.381155568183,-0.013612870350148798,-0.042785710786339526,1.0,-0.013612870350148798,0.11490873700505344
2018-06-25,0.001474177534027579,265.71410482266003,0.0022140221402233706,-0.0406664171570823,1.0,0.0022140221402233706,0.11737716963311118
2018-06-26,0.000363100254233728,266.30240173370703,-0.008284241531666847,-0.04861376826679231,0.75,-0.006213181148750135,0.11043470286670298
2018-06-27,0.0008471802347949484,264.096288317282,0.005717467978466839,-0.04317424795170344,0.75,0.004288100983850129,0.11519635900856695
2018-06-28,0.0011932610900401415,265.606250388968,0.001439698770721476,-0.041796707092684904,1.0,0.001439698770721476,0.11680190583574457
2018-06-29,0.0011712736387895582,265.98864338114896,0.0021380123857248634,-0.03974805658440672,1.0,0.0021380123857248634,0.11918964214282246
2018-07-02,0.0012422507010295028,266.55733039516,-0.003531229309202022,-0.04313892639121408,1.0,-0.003531229309202022,0.11523752687593247
2018-07-03,0.0010693958008333032,265.616055337486,0.008157991878920079,-0.035332861523458825,0.75,0.006118493909190059,0.12206110089142297
2018-07-05,0.0011150876910906245,267.78294895984,0.008458130423639076,-0.027173581050825568,1.0,0.008458130423639076,0.13155164002605457
2018-07-06,0.0009328316009461414,270.047892067369,0.009004429598433727,-0.01841383404990138,0.75,0.006753322198825296,0.1391933728357595
2018-07-09,-0.0005690016913551541,272.479519299695,0.0035984166966529507,-0.01488167800114304,-1.0,-0.0035984166966529507,0.13509408038223092
2018-07-10,0.0007666906099188921,273.460014151439,-0.007314449623520791,-0.02208727634061103,0.75,-0.005485837217640593,0.12886713903054647
2018-07-11,0.0012673876116074936,271.459804653881,0.009065953911725266,-0.013221564658225327,1.0,0.009065953911725266,0.1391013964854586
2018-07-12,0.0006752718208222987,273.920846731759,0.0007874861295031899,-0.012444490327500835,0.75,0.0005906145971273924,0.1397741663978309
2018-07-13,0.0009454472924226525,274.136555599142,-0.0008941664580276454,-0.013327529339690392,0.75,-0.000670624843520734,0.1390098055258413
2018-07-16,-0.000563258099460231,273.891431886206,0.004045249516718252,-0.009336193004592541,-1.0,-0.004045249516718252,0.1344022266605005
2018-07-17,0.0003344229754633548,274.99939106867697,0.002103611794487703,-0.0072522209358248935,0.75,0.0015777088458657773,0.13619198308827252
2018-07-18,0.0002517309032676188,275.577883031206,-0.003771436703907338,-0.010996306347510032,0.75,-0.0028285775279305037,0.13297817597749417
2018-07-19,0.0009171524840514687,274.538558488357,-0.001142857142856779,-0.012126596283112523,0.75,-0.0008571428571425843,0.13200705182665673
2018-07-20,0.0012264501429638552,274.224800135799,0.0018592677345539155,-0.010289875137757809,1.0,0.0018592677345539155,0.13411175601340553
2018-07-23,-0.0013377256617481798,274.734657458706,0.005032119914345934,-0.005309535109008667,-1.0,-0.005032119914345934,0.12840476966087655
2018-07-24,-0.0013823105871701464,276.117155199665,0.008522424629807679,0.003167639408013123,-1.0,-0.008522424629807679,0.11878802505952613
2018-07-25,-0.0014414432260388612,278.47034284385103,-0.0023590718636649077,0.000801094855346518,-1.0,0.0023590718636649077,0.12142732641084941
2018-07-26,0.00027179779394444697,277.813411293183,-0.006776311145620939,-0.005980644758271425,0.75,-0.005082233359215704,0.115727971042628
2018-07-27,0.0012164073053979277,275.930861177834,-0.0052235093454626735,-0.011172914149947366,1.0,-0.0052235093454626735,0.10989995555889265
2018-07-30,0.001295674998363532,274.48953374577,0.004929451687801567,-0.006298538802659959,1.0,0.004929451687801567,0.11537115376811324
2018-07-31,0.0008583223083972245,275.84261664117696,-0.0016706359080091993,-0.00795865214557745,0.75,-0.0012529769310068994,0.11397361944293127
2018-08-01,0.001195231828729429,275.381784060857,0.005447553941467342,-0.002554453390974487,1.0,0.005447553941467342,0.12004205082421815
2018-08-02,0.0012197987775438796,276.881941184026,0.0042848542795408395,0.0017194554280222096,1.0,0.0042848542795408395,0.1248412677989581
2018-08-03,0.0012154091410045591,278.068339954636,0.003667136812412375,0.0053928977187320815,1.0,0.003667136812412375,0.12896621462022417
2018-08-06,0.0011080267672924434,279.08805460045,0.0033024170882536286,0.008713124404567285,1.0,0.0033024170882536286,0.13269453193944702
2018-08-07,-0.0005664428531994009,280.00971976108997,-0.0004201974928240704,0.008289265678713686,-1.0,0.0004201974928240704,0.1331704873419033
2018-08-08,-0.000841765973784865,279.89206037888,-0.0013662159321790046,0.006911724819698373,-1.0,0.0013662159321790046,0.13471864291558489
2018-08-09,0.0011308116662640737,279.50966738669996,-0.006700108745219202,0.0001653067665701169,1.0,-0.006700108745219202,0.12711590461282296
2018-08-10,0.0012056729511905778,277.636922219869,-0.0037434665913271825,-0.0035787786451150216,1.0,-0.0037434665913271825,0.12289658387935143
2018-08-13,0.0011419393069147963,276.59759767702,0.006380716058137503,0.0027791022426530976,1.0,0.006380716058137503,0.1300614681437382
2018-08-14,0.0010662707422310525,278.36248841016004,-0.007467418104968204,-0.0047090685807174015,1.0,-0.007467418104968204,0.12162282667679469
2018-08-15,0.0012244962534299758,276.283839324462,0.008091418837392395,0.003344247210454343,1.0,0.008091418837392395,0.13069834674501668
2018-08-16,0.000969981932625714,278.51936758643905,0.0035203830176715467,0.006876403259212571,0.75,0.00264028726325366,0.13368371518850952
2018-08-17,0.0008787204480363726,279.49986243818296,0.002139900371852077,0.009031018448956152,0.75,0.0016049252788890578,0.13550319284128043
2018-08-20,-0.0013112201731067974,280.097964297747,0.0023453635313452903,0.011397563001622535,-1.0,-0.0023453635313452903,0.13284002506306436
2018-08-21,-0.00131000807322298,280.754895848415,-0.0005936997974418379,0.010797096473335266,-1.0,0.0005936997974418379,0.13351259195647835
2018-08-22,0.0010269162581022825,280.588211723619,-0.0013278820281658055,0.009454877174806198,1.0,-0.0013278820281658055,0.13200742095691975
2018-08-23,0.0012489584934946736,280.215623679956,0.006018405122642845,0.015530185578671807,1.0,0.006018405122642845,0.13882030021807656
2018-08-24,0.001128824554131029,281.902074824956,0.00789537755208447,0.023548179809353753,1.0,0.00789537755208447,0.14781171645227653
2018-08-27,-0.000632422712147355,284.127798138415,0.00048312512940773544,0.024042681656179177,-1.0,-0.00048312512940773544,0.14725717976822983
2018-08-28,-0.0013031211286067413,284.265067417659,0.005380794701987268,0.02955284509224354,-1.0,-0.005380794701987268,0.14108402441351608
2018-08-29,0.0007990614821796049,285.79463938637997,-0.004048305201042712,0.025384900954708245,0.75,-0.0030362289007820342,0.1376194321203712
2018-08-30,0.001326460639986865,284.63765546132197,3.4447123663516876e-05,0.025420222515194046,1.0,3.4447123663516876e-05,0.1376586198376315
2018-08-31,0.001168517710259404,284.64746040983897,-0.0017222968550854034,0.023654144490815154,1.0,-0.0017222968550854034,0.13569923397452444
2018-09-04,0.001215696356805229,284.15721298396704,-0.002691418515577859,0.020899062772784527,1.0,-0.002691418515577859,0.13264259202807782
2018-09-05,0.0010624200381060779,283.392426999607,-0.0030100681590131684,0.0178260870103657,1.0,-0.0030100681590131684,0.12923326062627205
2018-09-06,0.0010033918845103913,282.53939647859,-0.0019433647973358115,0.015848079623059785,0.75,-0.0014575235980018586,0.12758737650126073
2018-09-07,0.00035365268424572224,281.990319361613,0.00173852573018074,0.01761415764743912,0.75,0.001303894297635555,0.12905763125156655
2018-09-10,0.0011804306373195052,282.48056678748503,0.0032974661575844166,0.02096970589376035,1.0,0.0032974661575844166,0.13278066058058102
2018-09-11,0.0011496722376111424,283.412036896642,0.00024217263449211046,0.02121695681717317,1.0,0.00024217263449211046,0.1330549890574555
2018-09-12,0.0012589537284994762,283.480671536264,0.005914499169893173,0.027256943660549204,1.0,0.005914499169893173,0.13975644184967906
2018-09-13,-0.001367242224568749,285.15731773274604,0.0001719217412259333,0.027433551462989758,-1.0,-0.0001719217412259333,0.13956049293762285
2018-09-14,-0.0008379533969485209,285.206342475334,-0.005294279427942916,0.021994031147900994,-1.0,0.005294279427942916,0.14559364461227897
2018-09-17,0.0013788618486284664,283.696380403648,0.005426142254785882,0.027539516144451603,1.0,0.005426142254785882,0.1518097986941238
2018-09-18,-0.001431007859032276,285.235757320886,0.001065621669933181,0.02863448451956785,-1.0,-0.001065621669933181,0.15058240521299404
2018-09-19,0.0012106113469353575,285.539710724927,0.008103839022044701,0.03697037279463844,1.0,0.008103839022044701,0.1599065398064372
2018-09-20,-0.001319067868537483,287.853678575043,-0.0009094624974463894,0.03602728712961878,-1.0,0.0009094624974463894,0.1609614313049339
2018-09-21,0.0011194660259031327,287.591886449627,-0.003322031576424078,0.03258557176773724,1.0,-0.003322031576424078,0.1571046807711285
2018-09-24,-0.00039082279767072497,286.636497121718,-0.0009277712871960109,0.03162756852267834,-1.0,0.0009277712871960109,0.15817820927022797
2018-09-25,0.0011570840503138322,286.370564009826,-0.0029922613929503905,0.028540669177484546,1.0,-0.0029922613929503905,0.15471263732847218
2018-09-26,-0.0013294295898142758,285.513668427062,0.0027942596936678665,0.03141467891266547,-1.0,-0.0027942596936678665,0.15148607034821637
2018-09-27,0.0009459330035218543,286.31146776273897,0.00010320272455000001,0.03152112371767002,0.75,7.740204341250001e-05,0.1515751977230222
2018-09-28,0.00035619948540400683,286.341015886282,0.0034741331865710823,0.03510476548622665,0.75,0.0026055998899283117,0.15457574193145351
2018-10-01,0.0007636095193253598,287.335802712249,-0.0005827306070683713,0.03450157825785549,0.75,-0.0004370479553012785,0.15407113696420183
2018-10-02,0.0012551153761116377,287.16836334550203,0.0005487721223780273,0.03506928388455943,1.0,0.0005487721223780273,0.15470445903140884
2018-10-03,0.0010946549695762977,287.325953337735,-0.007815713698067328,0.02697947870405404,1.0,-0.007815713698067328,0.14567961957373754
2018-10-04,0.001380850760219035,285.080295948423,-0.00559701492537279,0.02123145923369596,1.0,-0.00559701492537279,0.13926723364328786
2018-10-05,0.001285972585962274,283.48469727707,0.0,0.02123145923369596,1.0,0.0,0.13926723364328786
2018-10-08,0.0012281943391366371,283.48469727707,-0.0014592453616840695,0.019741231963603445,1.0,-0.0014592453616840695,0.13760476321687531
2018-10-09,0.001038247160217913,283.07102354746,-0.03166318719554606,-0.012547025555076918,1.0,-0.03166318719554606,0.10158457064459459
2018-10-10,0.0019799050208729745,274.10809273924195,-0.022026590010779334,-0.034297247378099804,1.0,-0.022026590010779334,0.07732041894480579
2018-10-11,0.001369928460096115,268.070426161838,0.01388837858691061,-0.020885201947265175,1.0,0.01388837858691061,0.09228265278252046
2018-10-12,0.001062393338500058,271.79348972832804,-0.0056169595941278905,-0.026384850205940058,1.0,-0.0056169595941278905,0.08614734525647427
2018-10-15,0.0012995281422596738,270.266836678577,0.02186588921282695,-0.005095889204613235,1.0,0.02186588921282695,0.10989692277665841
2018-10-16,-0.001371661920346326,276.17646138729197,0.0001783166904436584,-0.004918481196267366,-1.0,-0.0001783166904436584,0.10969900963065538
2018-10-17,0.00038805401879320797,276.225708259865,-0.014441076840792322,-0.01928852987216445,0.75,-0.010830807630594241,0.09768007312948468
2018-10-18,0.0015775904785534358,272.236711581482,-0.0005426917510857887,-0.019820753897198062,1.0,-0.0005426917510857887,0.09708437120846614
2018-10-19,0.0011286915434591124,272.088970963764,-0.004488687782804868,-0.024220472504138613,1.0,-0.004488687782804868,0.09215990199471658
2018-10-22,0.0012096020803537054,270.867648523963,-0.005090723973675271,-0.029187896737783325,1.0,-0.005090723973675271,0.08660001739854528
2018-10-23,0.0013289694812238558,269.488736091929,-0.030298600197359304,-0.05860214452128276,1.0,-0.030298600197359304,0.05367755789694306
2018-10-24,0.0017172436065071464,261.323604619388,0.017940600030152076,-0.041712902126896156,1.0,0.017940600030152076,0.07258116552391947
2018-10-25,0.0011140133959204111,266.011906888302,-0.01758738151658923,-0.05856666291961554,1.0,-0.01758738151658923,0.053717271358342256
2018-10-26,0.0018953410816188057,261.333453993902,-0.005540270606414044,-0.06378245836494023,1.0,-0.005540270606414044,0.04787939253236484
2018-10-29,0.0012515873405527708,259.88559594026697,0.01481846433715095,-0.049909152112405986,1.0,0.01481846433715095,0.06340735594024105
2018-10-30,0.00025215954412858676,263.736701375447,0.010680808156252386,-0.03976141403510747,0.75,0.00801060611718929,0.07192589341080025
2018-10-31,0.001114219030571585,266.553622486601,0.010641835716659775,-0.0295427127544714,1.0,0.010641835716659775,0.08333315266891184
2018-11-01,0.0003038603216869037,269.39024234678396,-0.005923000987166471,-0.03529073222482959,0.75,-0.0044422507403748535,0.07852071516939585
2018-11-02,0.0011906159221290596,267.79464367543096,0.005516936996580402,-0.029968491974496803,1.0,0.005516936996580402,0.08447084600449228
2018-11-05,0.001179685720442968,269.27204985261,0.006327956399283519,-0.02383017488578021,1.0,0.006327956399283519,0.0913333302343029
2018-11-06,0.0011980577239549329,270.975991643623,0.021408839779003763,-0.00293151150281179,1.0,0.021408839779003763,0.1146975106467758
2018-11-07,0.0010800685448789486,276.777273232678,-0.0018148820326687742,-0.004741073187925604,1.0,-0.0018148820326687742,0.11267446616284227
2018-11-08,0.000376713277974712,276.27495513243696,-0.00976827094474153,-0.01446303204519861,0.75,-0.007326203208556148,0.10452278691876149
2018-11-09,0.0013604238890985334,273.576226515457,-0.01868519585253192,-0.032877983311344505,1.0,-0.01868519585253192,0.08388456232160002
2018-11-12,0.001819723159706377,268.46440114241904,-0.0018710789888845003,-0.03468754499645821,1.0,-0.0018710789888845003,0.08185652869066384
2018-11-13,0.0011137213615188418,267.962083042178,-0.006836727192531922,-0.041287122906870644,1.0,-0.006836727192531922,0.0744601707425463
2018-11-14,0.0013249238610098938,266.13009938247603,0.010436713545521226,-0.03128131123624711,1.0,0.010436713545521226,0.08567400376065804
2018-11-15,0.0011385261129842413,268.907622995572,0.002600542084831625,-0.028762117517754038,1.0,0.002600542084831625,0.0884973446978452
2018-11-16,0.0010792473183974646,269.606928586104,-0.01691447777006816,-0.04519009909044802,0.75,-0.01268585832755112,0.07468882159309276
2018-11-19,0.001901038320151379,265.046668185878,-0.01850613154960734,-0.06285993672154777,1.0,-0.01850613154960734,0.05480048888579847
2018-11-20,0.001980161956506763,260.141679677645,0.0034075420263504075,-0.059666592571349764,1.0,0.0034075420263504075,0.058394765881091715
2018-11-21,0.00021544383655232066,261.028123383952,-0.006678741227077234,-0.06594683606674145,0.75,-0.0050090559203079255,0.05309320731303213
2018-11-23,0.0012135883400205556,259.284784094881,0.01614434947768184,-0.05086715535746844,1.0,0.01614434947768184,0.0700947120844666
2018-11-26,0.0011081667414009077,263.470768263554,0.003364485981310894,-0.04767381120726688,1.0,0.003364485981310894,0.07369503074194972
2018-11-27,0.0009793026368010848,264.35721196986196,0.02302533532041462,-0.025746181375901678,0.75,0.017269001490310965,0.0922366718279719
2018-11-28,0.001190173082932355,270.444125419838,-0.0021851555102317954,-0.02787507747603246,1.0,-0.0021851555102317954,0.08984996484604979
2018-11-29,0.00088937103211669,269.853162948967,0.006095335425944537,-0.021949649997328513,0.75,0.004571501569458403,0.09483221567081768
2018-11-30,0.0011281968833047992,271.498008492893,0.013241429348809008,-0.00899886538819017,1.0,0.013241429348809008,0.10932935910342279
2018-12-03,0.00033075057984746685,275.093030190694,-0.0324024346580718,-0.04110971489852433,0.75,-0.02430182599355385,0.08237063004895062
2018-12-04,0.0018787692656512943,266.17934625504904,-0.0015171137835356951,-0.04256446056695029,1.0,-0.0015171137835356951,0.08072855064720907
2018-12-06,0.0012689405152098239,265.775521899953,-0.023235991698782765,-0.06481142481333624,1.0,-0.023235991698782765,0.055616751015733046
2018-12-07,0.0010288727990875215,259.599964079346,0.0018970292521900411,-0.0630373447298932,0.75,0.0014227719391425309,0.057118652907567125
2018-12-10,0.0012636280425839808,260.092432805072,0.0002272124815383414,-0.06282445511988055,1.0,0.0002272124815383414,0.05735884345997477
2018-12-11,0.0003632742099924689,260.151529052159,0.005035399235225668,-0.058105402097919034,0.75,0.003776549426419251,0.061352011393762895
2018-12-12,0.0003305590928235422,261.461495862591,-0.00033903412943681044,-0.05842473651294,0.75,-0.00025427559707760783,0.0610821354773563
2018-12-13,0.0012478872809094607,261.37285149196,-0.018464785017144214,-0.07581072133068945,1.0,-0.018464785017144214,0.04148948196023472
2018-12-14,0.001978710237972067,256.54665797984296,-0.019618382155332625,-0.09394181978348515,1.0,-0.019618382155332625,0.0210571432923794
2018-12-17,0.0018618197002065737,251.513627602921,-0.0010964912280712058,-0.09493530463021471,1.0,-0.0010964912280712058,0.019937563091399824
2018-12-18,0.0012163716331690297,251.23784511651402,-0.014975693899954234,-0.10848927646772799,1.0,-0.014975693899954234,0.004663290349477656
2018-12-19,0.0017755521974908922,247.475384051965,-0.016277959086205995,-0.12300125155030017,1.0,-0.016277959086205995,-0.011690577586244255
2018-12-20,0.001010394062197044,243.446989875524,-0.020368976817575102,-0.14086481872651446,0.75,-0.015276732613181326,-0.026788716371546895
2018-12-21,0.0018909343797167077,238.488223782441,-0.026422933111756253,-0.16356569015526035,1.0,-0.026422933111756253,-0.05250381302246798
2018-12-24,0.0018720265687346563,232.186665397496,0.050524878381837945,-0.12130494837595829,1.0,0.050524878381837945,-0.004631683408172993
2018-12-26,-0.000773718834231237,243.91786842858897,0.007677309285889056,-0.11455893469666023,-1.0,-0.007677309285889056,-0.01227343382802315
2018-12-27,0.0007689164393190709,245.79050134487002,-0.0012899584794618946,-0.1157011169069121,0.75,-0.0009674688595964209,-0.013229028522590669
2018-12-28,0.001136645517204652,245.473441803489,0.008758829465185913,-0.10795569379364534,1.0,0.008758829465185913,-0.004586069862224207
2018-12-31,0.0007408780988922368,247.62350181847802,0.0010403329065300504,-0.10702767074781605,0.75,0.0007802496798975378,-0.003809398461868785
2019-01-02,0.00114114768234212,247.88111269585,-0.023862818770483907,-0.12833650760781778,1.0,-0.023862818770483907,-0.027581314247232536
2019-01-03,0.0018963345835192845,241.965970626963,0.03349576184431391,-0.09913947485826635,1.0,0.03349576184431391,0.004990590463702871
2019-01-04,-0.0013901075963946468,250.070805153512,0.007884623004079216,-0.092036529238267,-1.0,-0.007884623004079216,-0.0029333814647504175
2019-01-07,0.0007402619080337658,252.042519176474,0.00939539271955514,-0.08350585585545023,0.75,0.007046544539666355,0.004092492871772713
2019-01-08,0.0011406788707912182,254.41055762616298,0.004673443159246338,-0.07922267256700855,1.0,0.004673443159246338,0.008785062063835003
2019-01-09,0.001111510375856182,255.59953090634102,0.0035275419622438076,-0.07597459190660594,1.0,0.0035275419622438076,0.012343593701150013
2019-01-10,0.0011633916548513612,256.501168977143,0.00038627935723312135,-0.07561765996590053,1.0,0.00038627935723312135,0.012734641133824054
2019-01-11,0.0011804253594445212,256.600250083825,-0.006100857209050403,-0.08125718462901643,1.0,-0.006100857209050403,0.0065560916976077355
2019-01-14,0.0012001353727229358,255.034768598257,0.011460761460761137,-0.07072769237826149,1.0,0.011460761460761137,0.018091990961430104
2019-01-15,0.0011939643023044667,257.95766124536203,0.0024198194737825585,-0.06847902115183158,1.0,0.0024198194737825585,0.020555589787260686
2019-01-16,0.0010091385777572987,258.581872217455,0.007586788259639654,-0.061411768725898264,0.75,0.0056900911947297406,0.026362644162441384
2019-01-17,0.0011359544322168957,260.54367812975,0.013310009126861422,-0.04891915080127529,1.0,0.013310009126861422,0.040023540323713025
2019-01-18,0.0008173794189584414,264.011516863603,-0.0135104706147261,-0.06176870066660345,0.75,-0.010132852961044575,0.029485134713587824
2019-01-22,0.0012874919989087593,260.444597023068,0.002092368561213531,-0.05980557499273176,1.0,0.002092368561213531,0.03163919704369911
2019-01-23,-0.0013397370213462665,260.989543109817,0.0005314908317823885,-0.05930587027574752,-1.0,-0.0005314908317823885,0.031090890268762994
2019-01-24,0.0009669953722633461,261.128256659171,0.008461392525137112,-0.051346287998058404,0.75,0.006346044393852834,0.03763423883250572
2019-01-25,-0.0013645219270607262,263.337765338169,-0.007600270900745332,-0.05855631320027077,-1.0,0.007600270900745332,0.04552054014352147
2019-01-28,0.0013209627327758534,261.336326983202,-0.0013269639065803807,-0.05980557499273198,1.0,-0.0013269639065803807,0.04413317212316259
2019-01-29,0.0010563854381534681,260.989543109817,0.015830834060966525,-0.044921513065396046,0.75,0.011873125545724894,0.05653029636223694
2019-01-30,0.0008813602979779804,265.121225258436,0.008782420210778241,-0.03653361245886211,0.75,0.006586815158083681,0.06348946613329032
2019-01-31,-0.0012902083225668714,267.449631265452,0.0004816063423849215,-0.03606960093594758,-1.0,-0.0004816063423849215,0.06297728286134108
2019-02-01,-0.001410818869351981,267.57843670413797,0.007035473598459463,-0.029287894062579922,-1.0,-0.007035473598459463,0.05549873425200791
2019-02-04,-0.0013466023223732142,269.460977731087,0.004191792910724468,-0.025218869938557043,-1.0,-0.004191792910724468,0.0510743021404918
2019-02-05,0.0010326146281658616,270.59050234725703,-0.0013181984621036813,-0.026503824925091735,0.75,-0.000988648846577761,0.0500351587440131
2019-02-06,0.0011357331948196048,270.233810363203,-0.009532888465202394,-0.03578405538338203,1.0,-0.009532888465202394,0.04002529069116534
2019-02-07,0.001317512248676653,267.65770158948396,0.0012215888058044744,-0.034606179979060236,1.0,0.0012215888058044744,0.04129577394402717
2019-02-08,0.0011620221006359288,267.984669241533,0.0005545901578720702,-0.03407078206800607,1.0,0.0005545901578720702,0.041873266331690306
2019-02-11,0.0010618814030272613,268.133290901555,0.012859359988174557,-0.02164955053152262,0.75,0.009644519991130918,0.051921633877050954
2019-02-12,0.0004663816406406155,271.581313414072,0.003246990149581963,-0.01847285625925943,0.75,0.0024352426121864723,0.05448331826454922
2019-02-13,-0.0008280146122337028,272.463135263538,-0.0022182624822745245,-0.020650141097553587,-1.0,0.0022182624822745245,0.05682243904763995
2019-02-14,0.0012837195570721978,271.85874051278,0.010897295721263411,-0.009977876070516034,1.0,0.010897295721263411,0.068338945690809
2019-02-15,0.0002836913356353071,274.82126560255796,0.0017305404333549657,-0.008264602755140071,0.75,0.0012979053250162242,0.06972554849734336
2019-02-19,0.0008496607749865173,275.29685491462897,0.002015475976248071,-0.0062657838871982285,0.75,0.0015116069821860534,0.07134255310547477
2019-02-20,0.0011715740524538057,275.851709112046,-0.0035559067562224156,-0.009799410100163164,1.0,-0.0035559067562224156,0.06753295888265853
2019-02-21,0.0012232198054420347,274.870806155899,0.006199985581427869,-0.0036601807200628,1.0,0.006199985581427869,0.07415164783543005
2019-02-22,0.001035572699104811,276.575001190821,0.0013613240667771365,-0.002303839345388692,0.75,0.0010209930500828523,0.07524834920260504
2019-02-25,0.00124189920035364,276.951509396211,-0.0007155123068114388,-0.0030177032267956205,1.0,-0.0007155123068114388,0.0744789957758718
2019-02-26,0.00120117190728972,276.753347182848,-0.0004296147787490323,-0.003446021555640555,1.0,-0.0004296147787490323,0.07401738371983102
2019-02-27,0.0012557848105253493,276.63444985483,-0.0018624641833813183,-0.005302067647299347,1.0,-0.0018624641833813183,0.072017064810324
2019-02-28,0.001195231828729429,276.119228100086,0.006243720396154728,0.0009085481209440971,1.0,0.006243720396154728,0.07871043962290614
2019-03-01,0.0011826007899195315,277.843239356345,-0.0036374010412965063,-0.002732157674233626,1.0,-0.0036374010412965063,0.07478673714656447
2019-03-04,0.0009844258997846946,276.83261206819304,-0.0013600572655699805,-0.0040884990489080675,0.75,-0.0010200429491774854,0.07369040851346864
2019-03-05,0.0011269350111632742,276.456103862803,-0.006056913482905157,-0.010120648846799085,1.0,-0.006056913482905157,0.06718715860167745
2019-03-06,0.0012187730976641413,274.78163315988496,-0.008365485162079467,-0.018401469871120013,1.0,-0.008365485162079467,0.058259620261233325
2019-03-07,0.0012039256650912562,272.482951484874,-0.001999927275370239,-0.02036459554498815,1.0,-0.001999927275370239,0.05614317798224988
2019-03-08,0.0013042303388146532,271.938005398126,0.014501202360996501,-0.006158704304989326,1.0,0.014501202360996501,0.0714585239283565
2019-03-11,0.0011076375434049765,275.88143344405,0.003771009912372447,-0.002410918927598371,0.75,0.0028282574342793354,0.07448888446417867
2019-03-12,0.0011668003196996814,276.92178506420703,0.006619199255786246,0.004192321975416524,1.0,0.006619199255786246,0.08160114048857459
2019-03-13,0.00047061223571256755,278.754785537815,-0.0006397952655159411,0.0035498444821491226,0.75,-0.00047984644913695584,0.08108213802192865
2019-03-14,0.0011382582315702838,278.576439545788,0.004919263053065004,0.008486570154019324,1.0,0.004919263053065004,0.08640026544082846
2019-03-15,0.001178721684217702,279.9468303323,0.0036258931427981533,0.012143234693344773,1.0,0.0036258931427981533,0.09033943671362454
2019-03-18,-0.0013202989756804027,280.96188762475,0.00024793681153312264,0.012394182259769515,-1.0,-0.00024793681153312264,0.09006910143019686
2019-03-19,0.0010397963602287387,281.03154841932997,-0.0030099150141670306,0.009346961810330567,0.75,-0.002257436260625273,0.08760833991404127
2019-03-20,0.0004820036864052775,280.185667342288,0.01129461907299123,0.020747151256459206,0.75,0.008470964304743422,0.09682143133899435
2019-03-21,0.0008313474474426744,283.350257724631,-0.019246303515611407,0.0011015417706816688,0.75,-0.014434727636708555,0.08098911271151121
2019-03-22,0.0018217644148053067,277.896812663236,-0.0007520143240838939,0.00034869907140766543,1.0,-0.0007520143240838939,0.0801761934145735
2019-03-25,0.001219598659659208,277.687830279496,0.007454128440366414,0.0078054267594394044,1.0,0.007454128440366414,0.08822796549851186
2019-03-26,0.001120780726209534,279.757751032726,-0.005229083665338141,0.002535527864532483,1.0,-0.005229083665338141,0.08253753041995937
2019-03-27,0.0013604405774623233,278.294874346549,0.003790452351153828,0.006335591013241881,1.0,0.003790452351153828,0.08664083734735195
2019-03-28,0.001277645667560017,279.34973780733,0.006305439777705812,0.012680979478537857,1.0,0.006305439777705812,0.0934925857072415
2019-03-29,-0.0006412817138512498,281.111160755992,0.011859246672332402,0.024690613014552998,-1.0,-0.011859246672332402,0.08052458739897284
2019-04-01,-0.0006243216169934372,284.44492735374297,0.000489801630340736,0.02519250814740248,-1.0,-0.000489801630340736,0.07999534469444147
2019-04-02,0.0011029444118788273,284.584248942903,0.001573591635483762,0.026805742502983954,0.75,0.0011801937266128215,0.08126994842502078
2019-04-03,0.0012411174141687693,285.03206833663,0.002653445988409997,0.02953031608130474,1.0,0.002653445988409997,0.0841390398320574
2019-04-04,0.0012145795104154479,285.788385534926,0.0048401699282665245,0.03451341775744021,1.0,0.0048401699282665245,0.08938645701071235
2019-04-05,0.0009286026307636217,287.17164988444,0.0007623800117841917,0.035302110109060925,0.75,0.0005717850088381438,0.09000935185566239
2019-04-08,0.0004258838497639211,287.39058381026297,-0.005124831192215851,0.029996361561807072,0.75,-0.003843623394161888,0.08581976641101474
2019-04-09,0.0012827688159551397,285.917755582003,0.003410949845114919,0.03350962749174524,1.0,0.003410949845114919,0.0895234431750771
2019-04-10,0.0012407531114529246,286.893006706121,-0.0002774983523545771,0.03322283027297379,1.0,-0.0002774983523545771,0.08922110221474444
2019-04-11,0.0011784026698542656,286.813394369458,0.006765899864680902,0.04021351248050298,1.0,0.006765899864680902,0.09659066312282683
2019-04-12,0.0011914062877736158,288.753945075611,-0.0006548111386789346,0.03953236908592639,1.0,-0.0006548111386789346,0.09587260334204273
2019-04-15,0.0011207940138432237,288.564865776038,0.0006552401972585997,0.04021351248050298,1.0,0.0006552401972585997,0.09659066312282683
2019-04-16,-0.0006491792434671384,288.753945075611,-0.002446925834021063,0.03766818716391662,-1.0,0.002446925834021063,0.09927393914576821
2019-04-17,0.0012145826915286153,288.04738558773,0.0019692520297125427,0.03971161734765727,1.0,0.0019692520297125427,0.10143868658164101
2019-04-18,0.0011625943229887986,288.614623486452,0.000862009516585216,0.04060785865631522,1.0,0.000862009516585216,0.10238813721140949
2019-04-22,0.0011725331077036166,288.863412038523,0.0089916284838234,0.04996461791869988,1.0,0.0089916284838234,0.11230040178618861
2019-04-23,-0.0013673585930093785,291.460764522143,-0.0022193389784197493,0.04763439051619134,-1.0,0.0022193389784197493,0.11476897342358461
2019-04-24,-0.0012506714191628978,290.813914286759,-0.000615953187557361,0.04698909677395813,-1.0,0.000615953187557361,0.11545561892615486
2019-04-25,0.0011108552291284055,290.634786529268,0.004656736860127131,0.05186464949305658,0.75,0.003492552645095348,0.11935140639852171
2019-04-26,0.001066408707927681,291.988196252534,0.00156777205957348,0.05351373350098476,0.75,0.00117582904468011,0.12066757229336877
2019-04-29,0.00046271197396511096,292.445967188344,0.0005104297818778747,0.054051478286180954,0.75,0.000382822336408406,0.12109658887173125
2019-04-30,0.0011451114307468428,292.595240319587,-0.00751649547649802,0.046128705117646884,1.0,-0.00751649547649802,0.11266987143275942
2019-05-01,0.0012605217359079528,290.39594951927995,-0.0021589390356746563,0.04387017701982865,1.0,-0.0021589390356746563,0.11026768501350404
2019-05-02,0.0012330195510347347,289.76900236806097,0.009787760148359803,0.054087327938524554,1.0,0.009787760148359803,0.1211347188148908
2019-05-03,-0.001386577695181969,292.605191861669,-0.004115226337447542,0.049749520004622294,-1.0,0.004115226337447542,0.12574844193758472
2019-05-06,0.0012692144271881992,291.401055269646,-0.016699678983674304,0.03221904000727882,1.0,-0.016699678983674304,0.10694880434085552
2019-05-07,0.0019561999382815237,286.534751191139,-0.0013892265481210142,0.030785053913424676,1.0,-0.0013892265481210142,0.1054110016744545
2019-05-08,0.0011970772144994943,286.136689507825,-0.0030257712238727086,0.02766613415929542,1.0,-0.0030257712238727086,0.10206628087503566
2019-05-09,0.0013175431676767289,285.270905346618,0.005023372636574264,0.03282848409716532,1.0,0.005023372636574264,0.1076023704740745
2019-05-10,0.0012072663055408474,286.703927406547,-0.025130163137798256,0.00687333579843874,1.0,-0.025130163137798256,0.07976814221224893
2019-05-13,0.00197542908482622,279.499010938573,0.009043651641384542,0.01597914749439866,1.0,0.009043651641384542,0.08953318914388153
2019-05-14,0.001114219030571585,282.026702627613,0.005857445306986397,0.021930189783885723,1.0,0.005857445306986397,0.09591507020943824
2019-05-15,0.0011710579848566674,283.678658613364,0.009261208166701396,0.031394498003310956,1.0,0.009261208166701396,0.10606456780767304
2019-05-16,-0.0013525251054183926,286.305865723233,-0.006465067778933853,0.02472646266690015,-1.0,0.006465067778933853,0.11321535020642703
2019-05-17,0.0011606800251875479,284.45487889582597,-0.006612090680103155,0.017950878373445223,1.0,-0.006612090680103155,0.10585466936437937
2019-05-20,0.0013779590922132167,282.574037442169,0.009015671773201728,0.027128389374102557,1.0,0.009015671773201728,0.11582469209223123
2019-05-21,0.0011724113282749144,285.121632215376,-0.0030714460228274953,0.02397361996762637,1.0,-0.0030714460228274953,0.11239749677953181
2019-05-22,0.0012171920147619247,284.245896512086,-0.012218604488323126,0.01146209129876552,1.0,-0.012218604488323126,0.0988055517325821
2019-05-23,0.0014124033680359296,280.772808325176,0.0022683774012879354,0.013756469048927134,1.0,0.0022683774012879354,0.1012980574145419
2019-05-24,0.001110841941494716,281.409707018477,-0.00930051630242501,0.004328010481848832,0.75,-0.006975387226818758,0.09361607701193209
2019-05-28,0.0012039746407277797,278.792451450691,-0.006710690701408284,-0.0024117241592556127,1.0,-0.006710690701408284,0.08627715777301748
2019-05-29,0.0012078901489697013,276.921561539118,0.002731160383797615,0.00031284941906162267,1.0,0.002731160383797615,0.08924395491215131
2019-05-30,0.0012018296305328594,277.677878737413,-0.013475253556965439,-0.013166619863150819,1.0,-0.013475253556965439,0.07456611643431832
2019-05-31,0.0013288150306629224,273.93609891426604,-0.0025429578232258887,-0.015676095527390244,1.0,-0.0025429578232258887,0.0718335401219583
2019-06-03,0.0012835422795754543,273.23949096846803,0.0217066686090972,0.005690297271009337,1.0,0.0217066686090972,0.09509947558150111
2019-06-04,0.0009878984181179696,279.17061004983896,0.008662175168429487,0.014401762791160788,0.75,0.006496631376322115,0.1022139331947578
2019-06-05,-0.00135946106339349,281.588834775968,0.006502685892002313,0.02099809882288506,-1.0,-0.006502685892002313,0.09504658220140394
2019-06-06,0.0009571192006650498,283.419918519211,0.010007022471907545,0.03121524974158052,0.75,0.007505266853930659,0.10326519901831022
2019-06-07,0.0011758275743095122,286.25610801281897,0.00458891013384477,0.03594740385129502,1.0,0.00458891013384477,0.10832798387040365
2019-06-10,-0.0013551939553816676,287.569711567754,-0.00024223967885983466,0.035696456284870504,-1.0,0.00024223967885983466,0.10859646488528796
2019-06-11,0.000933522404198046,287.500050773174,-0.0017653167185888163,0.03386812401520767,0.75,-0.0013239875389416123,0.10712869698006511
2019-06-12,0.0011791420595220158,286.992522126949,0.004126356669788667,0.03813423264441962,1.0,0.004126356669788667,0.1116971048631632
2019-06-13,-0.0006694211537180443,288.176755634807,-0.0011050486912086432,0.036987043769336925,-1.0,0.0011050486912086432,0.11292558429391275
2019-06-14,0.0011186394069208894,287.85830628815603,0.00038028071630979987,0.037381389945145616,1.0,0.00038028071630979987,0.11334880843230755
2019-06-17,0.0011217469556464076,287.967773251067,0.010471023257422107,0.04824383460607806,1.0,0.010471023257422107,0.1250067096990255
2019-06-18,-0.001207970559056324,290.983090502167,0.0022571819425436512,0.05060991166093354,-1.0,-0.0022571819425436512,0.1224673648686525
2019-06-19,0.00033845471094644307,291.639892279634,0.009554357469461872,0.060647814317901894,0.75,0.007165768102096404,0.13051070570747259
2019-06-20,0.001027334303366355,294.426324062829,-0.001447982153722216,0.059112015211385094,0.75,-0.001085986615291662,0.12928298621263035
2019-06-21,0.0011666216327893496,294.0,-0.001224489795918382,0.05781514335602411,1.0,-0.001224489795918382,0.1279001907193087
2019-06-24,0.0010737849347543177,293.64,-0.00980792807519415,0.04744016851313715,0.75,-0.0073559460563956125,0.119603417759379
2019-06-25,0.0012507605786565951,290.76,-0.000997386160407121,0.046395466185207734,1.0,-0.000997386160407121,0.11848674080536137
2019-06-26,0.001187873868431022,290.47,0.0035459772093502373,0.050105960660267845,1.0,0.0035459772093502373,0.12245286929721755
2019-06-27,0.0011979819248437542,291.5,0.005145797598627766,0.055509593390938194,1.0,0.005145797598627766,0.12822878457662013
2019-06-28,0.001168517710259404,293.0,0.00907849829351548,0.06509203543332709,1.0,0.00907849829351548,0.1384714076720941
2019-07-01,0.00032056715272540075,295.66,0.0026043428262192414,0.06786590023507122,0.75,0.001953257119664431,0.14069513505466413
2019-07-02,0.001156217465990171,296.43,0.007995142192085858,0.07640363994953048,1.0,0.007995142192085858,0.14981515485724684
2019-07-03,-0.0006392404587523203,298.8,-0.0011378848728247348,0.07517881653057845,-1.0,0.0011378848728247348,0.1511235121285035
2019-07-05,0.0011491865206979435,298.46,-0.0054948736849158575,0.06927084474504563,1.0,-0.0054948736849158575,0.14479823383362067
2019-07-08,0.0010603458594341628,296.82,0.0012465467286570941,0.07060374081861087,0.75,0.0009349100464928206,0.14586851720363891
2019-07-09,0.0012629838951889736,297.19,0.004778088091793142,0.0757191798036454,1.0,0.004778088091793142,0.1513435779204504
2019-07-10,0.0003558361786283738,298.61,0.0023441947690967524,0.07824087507795818,0.75,0.0017581460768225643,0.15336780811504602
2019-07-11,0.0008785996953718778,299.31,0.00447696368313788,0.08306812031735711,0.75,0.00335772276235341,0.1572404974577195
2019-07-12,0.0007997247727438735,300.65,0.00033261267254292015,0.08342836249940189,0.75,0.0002494595044071901,0.15752918209869526
2019-07-15,0.0012226891329134974,300.75,-0.003458021612635198,0.07968184380613708,1.0,-0.003458021612635198,0.15352642116974202
2019-07-16,0.0011971855478311918,299.71,-0.006573020586566947,0.07258507281985671,1.0,-0.006573020586566947,0.1459442682562444
2019-07-17,0.0013011502137674092,297.74,0.003660912205279754,0.07651171260414369,1.0,0.003660912205279754,0.150139469614474
2019-07-18,0.0013044813357813594,298.83,-0.005554997824850139,0.07053169238220192,1.0,-0.005554997824850139,0.14375044736249132
2019-07-19,0.0011494883447842705,297.17,0.002456506376821155,0.07316146031112791,1.0,0.002456506376821155,0.1465600776299294
2019-07-22,0.0009191404891251376,297.9,0.0071500503524672965,0.0808346187886797,0.75,0.005362537764350472,0.1527085493453164
2019-07-23,0.001168046413134253,300.03,0.004699530046995415,0.08591403355550997,1.0,0.004699530046995415,0.15812573780839312
2019-07-24,0.0011165079386006196,301.44,-0.004777070063694211,0.08072654613406649,0.75,-0.003582802547770658,0.15397640196433438
2019-07-25,0.0010451321213092658,300.0,0.006699999999999928,0.08796741399316477,0.75,0.005024999999999946,0.15977513338420501
2019-07-26,-0.0006549047290941896,302.01,-0.0018211317506042768,0.08598608199191893,-1.0,0.0018211317506042768,0.1618872367031723
2019-07-29,0.0011517146788766301,301.46,-0.002454720360910101,0.08332028984478845,1.0,-0.002454720360910101,0.15903512844615553
2019-07-30,0.0012499164345412587,300.72,-0.010940409683426466,0.07146832205551812,1.0,-0.010940409683426466,0.14635480930347167
2019-07-31,0.0008681260438819234,297.43,-0.008707931277947889,0.06213804954056057,0.75,-0.006530948458460917,0.13886802512880192
2019-08-01,0.0012852326890468307,294.84,-0.007529507529507429,0.05414067309916848,1.0,-0.007529507529507429,0.1302929097584793
2019-08-02,0.001295674998363532,292.62,-0.03007313239013054,0.022439361079235942,1.0,-0.03007313239013054,0.09630146144368656
2019-08-05,0.0019654903001114017,283.82,0.01402297230639138,0.036776999924614584,1.0,0.01402297230639138,0.11167486647696778
2019-08-06,0.001096819085686246,287.8,0.0005906879777624052,0.03738941163409071,0.75,0.0004430159833218039,0.1121673562110741
2019-08-07,0.001231130643356968,287.97,0.019620099315900807,0.05774309491961538,1.0,0.019620099315900807,0.13398819019583819
2019-08-08,0.001087044307606174,293.62,-0.006811525100470006,0.05053825127872158,0.75,-0.005108643825352505,0.12819504842997165
2019-08-09,0.0012729057609280774,291.62,-0.012001920307249114,0.03792977490715743,1.0,-0.012001920307249114,0.11465454136768205
2019-08-12,0.0014571289170248016,288.12,0.015375537970290232,0.053888503571737134,1.0,0.015375537970290232,0.1317929545922374
2019-08-13,0.0009161373458024419,292.55,-0.029567595282857795,0.02272755482487132,0.75,-0.022175696462143346,0.10669465757320751
2019-08-14,0.0019304440287137895,283.9,0.002641775272983482,0.025429371190206496,1.0,0.002641775272983482,0.10961829615432728
2019-08-15,0.0011299377247394812,284.65,0.014754962234323044,0.04055954283608365,1.0,0.014754962234323044,0.12599067220859816
2019-08-16,0.0010657638385884916,288.85,0.01204777566210824,0.05309597077123862,0.75,0.00903583174658118,0.13616493447089506
2019-08-19,0.0009566251858292678,292.33,-0.007662573119419869,0.045026545893437575,0.75,-0.0057469298395649016,0.12963547430631683
2019-08-20,0.001055026952613963,290.09,0.008135406253231725,0.05352826138969213,0.75,0.006101554689923794,0.13652800693247502
2019-08-21,0.0011410673821074617,292.45,-0.00030774491366036827,0.053204043425852054,1.0,-0.00030774491366036827,0.136178246219109
2019-08-22,0.001129703173723414,292.36,-0.025687508551101357,0.026149855554296053,1.0,-0.025687508551101357,0.10699265780378031
2019-08-23,0.001959074752489149,284.85,0.011058451816745585,0.0374974842887037,1.0,0.011058451816745585,0.11923428277159465
2019-08-26,0.0010973044831295417,288.0,-0.003923611111111058,0.03342674763159881,0.75,-0.0029427083333332937,0.11594070272073043
2019-08-27,0.0013076048521025573,286.87,0.007041517063478109,0.04070363970890134,1.0,0.007041517063478109,0.12379861822076821
2019-08-28,0.0011362376602449356,288.89,0.012773027796046943,0.053996576226350346,1.0,0.012773027796046943,0.13815292920846112
2019-08-29,0.0011591245468395392,292.58,-0.00043509467496061216,0.05353798792860753,1.0,-0.00043509467496061216,0.13765772492967177
2019-08-30,0.001150035603884176,292.4527,-0.005822138075661454,0.04740414429493267,1.0,-0.005822138075661454,0.13103412457228836
2019-09-03,0.0012093781055189305,290.75,0.011074806534823844,0.05900394255677166,1.0,0.011074806534823844,0.14356010868621039
2019-09-04,0.00105314159323932,293.97,0.01285845494438198,0.07262109703806074,0.75,0.009643841208286486,0.15458842078651092
